path,size_bytes,sha256
.assetsignore,207,616730ece0878ac93f0cbd3a763ca0a7a663977ae44e8da2e2f5a4f7d36056d5
.dev.vars.example,1693,4afa74cb5f5c24373f5d7a9e5fa14154085eb163cf0c0f001a522e2a52c13bbd
.github/workflows/release-integrity.yml,924,4c2af14207aaea31e11984d958ccb948c82f7edef3fbd30c29d2b7505790fcf6
.gitignore,313,951513e67a367117a00ba666769d06be568e22d914d9d7f0970f7412aa1bad85
666SOUNDsDESIGn/The-Dark-Dancer.html,3741,c405be5894671b557c160a8213bb0d1d6ad3d06e029623c25612e8ac64327866
666SOUNDsDESIGn/the-dark-dancer-header-source.jpeg,214269,09434ad6c17b9ecb1d724086942d78e782af39c2a5e7ac46555fb40ecef8a93d
AMARIS/index.html,19126,5c1477dac8e8b0138d0bc4ead637e066666f2c8767505320c72266b5a7fdf90e
AUDIT_REPAIR_CHANGELOG.md,2147,3941fe8ae062fed3567dced7f2fcada808c1f4868aed2881a9037a929149f91e
AUDIT_REPAIR_VALIDATION.json,4503,326c9c85ec6344f4492957406f053ebc10bec49411038d475c863543a8008557
BRANCH-DEPLOY-MANIFEST.json,885,f64a67ed607cf8c7899054dd39b6536478ae6bf5dce41b7e18799d2e59d63836
CHAOS_ENGINE/assets/css/chaos-engine.css,3249,d5099af7c3d23dd5e65d1a586cef8e71547fa16d4e040f60a9dd2f4b8f24fa5c
CHAOS_ENGINE/assets/css/chaos-suno-renderer-integration-v1.css,2071,20818029239e6195dbbc5486d8878b108b7d25e25f278730bbaa3c43fd6ef913
CHAOS_ENGINE/assets/css/fraggle-detlef-system.css,850,6aff8354b20fb3551ca295f6c032078a381fdf2e8b7624f89a98d7a91bbfa97f
CHAOS_ENGINE/assets/css/track-factory.css,1261,4e495fbaaa14d68cd9126bb3e2299d25997a6f8f026ac4822e7bbe84f9fc04e1
CHAOS_ENGINE/assets/data/api-providers.json,1143,69109c0cd59a307118a69b39bb8cc193cd1fc4723f0868f359d2d31a813d9e29
CHAOS_ENGINE/assets/data/fraggle-detlef-system-v2-1.json,33237,1411a171f1ded28e3ed63e71934834bae1245911671597adecc5585b43b51a23
CHAOS_ENGINE/assets/data/fraggle-detlef-system-v2-1.txt,31043,1478df66c04b33f16e89323ba00b8f8deba1dcb6411d6cf44f408e69b9e64694
CHAOS_ENGINE/assets/data/master-handoff-v3.md,17408,7e41d1e0afb7c85facb77385cf4dfba2bf848e30b4ae613b99d16380b349788c
CHAOS_ENGINE/assets/data/master-system-v3.json,20693,8af7cd0f7b8d02db26ec507b556896d19ed0dcae9c1aaf54df756db35c8239fa
CHAOS_ENGINE/assets/js/chaos-engine.js,12480,796107bdea3f20f68807c0c165934268a22497d15d62afafab7044e40c1fa5b1
CHAOS_ENGINE/assets/js/chaos-suno-renderer-integration-v1.js,11641,d925fc7b60e15e94548517338fb65c3cc4000b668b50a5a9b9f8abbe1b67e2ab
CHAOS_ENGINE/assets/js/fraggle-detlef-system.js,7726,3400621cf9968d1702832804264a226c34d66a95f0de79419feeb2a6b3ed8106
CHAOS_ENGINE/assets/js/track-factory.js,7541,9934670f5efc61e4c16c676f7f740777f286dffd5aacffae379e8a526b0d77fd
CHAOS_ENGINE/fraggle-detlef-system.html,6425,d6a2a893739bf9e3219b7396ee2724c049500785eaf43df326a991fa20c4906a
CHAOS_ENGINE/index.html,7690,49e35ac2093e97e81744aba44a5c9407cbca61d62ec6677b342a28ac2ea4b149
CHAOS_ENGINE/track-factory.html,7042,fec205aeeb1508b34a9d0ceff7eed43346c225f8054dd6525f930f0010fc94fa
CLOUDFLARE_DEPLOY_RECOVERY.md,2077,47281f5bd02acb2ce296e5a8cff07cdb5140118b4899d004190218e4adffb237
DEPLOYMENT_REQUIRED_CHECKS.md,3198,e2b6602d79c7e3c12a9aa24cfc19c0558c2864c8a2ec3188a20697ac2f40f213
HARDLOCK_FINAL_AUDIT_REPORT.md,3188,3b401283f52dd3edae08bc4613cf9b44106ef9ee6d76e0bc66a405952c249d9f
HARDLOCK_REPAIR_REPORT.md,2707,0b818a8206bdd381d4d3d372e4546f1018ee734ed6386b0034c75f0377e181c1
HARDLOCK_VALIDATION.json,4503,326c9c85ec6344f4492957406f053ebc10bec49411038d475c863543a8008557
HARD_AUDIT_POLICY.md,3603,def964d17f2cc0efe264edaa81678ef59a5527ce3b7959be5a6c5f93dcaf5985
LICENSE.md,449,c56b18d369cf2073c9dbe9b1f1eb852ff51181f4b67f8f831424b84ecfd9dc93
README.md,3478,3395526eeeac0048b559797993c1519bf2f6c7759be7df5df259a4512a03bbfa
README_AUDIT_REPAIR.md,928,60f6bb19e2cd6d1f9a52d2d8a1fedaa0cc22256380354fde4e1d164c05ee5abf
RELEASE-MANIFEST.json,1076,c2869139278b32eb74d464c3af2350d778d2c0d9ff0683d9b7b82010f97a1c13
Render/666SOUNDsDESIGn-Alert-Service-Renderer/.env.example,424,bb2a6fe2f94b6ac572ece6a9f05347462ef5df2133e18119651d8a521f3354aa
Render/666SOUNDsDESIGn-Alert-Service-Renderer/CANONICAL_SOURCE.md,321,8c1ce8f0c54f4e68c72659593401aabaef28855f8e246cabbc0d885f518f9d1f
Render/666SOUNDsDESIGn-Alert-Service-Renderer/DEPLOY_STEPS.md,535,80606c0ffae7b9d4641e844d8c71814fee990472088a51b6190d2755931c7077
Render/666SOUNDsDESIGn-Alert-Service-Renderer/GITHUB_UPLOAD_THIS_RENDERER_ROOT.md,0,e3b0c44298fc1c149afbf4c8996fb92427ae41e4649b934ca495991b7852b855
Render/666SOUNDsDESIGn-Alert-Service-Renderer/README.md,636,31cf241fdd9f01b8d580e01edc9811f8a336f662078896b3f0c4ce3d8f13dc55
Render/666SOUNDsDESIGn-Alert-Service-Renderer/__init__.py,1,01ba4719c80b6fe911b091a7c05124b64eeece964e09c058ef8f9805daca546b
Render/666SOUNDsDESIGn-Alert-Service-Renderer/docs/AUDIT_RENDERER_DEPLOY_AWARENESS_2026-05-24.json,7481,4fc6774e15df591b8500e8b84617cbb9818e04d414b1e4ec446a4e22e116ebda
Render/666SOUNDsDESIGn-Alert-Service-Renderer/docs/AUDIT_RENDERER_FLAT_GITHUB_UPLOAD_2026-05-24.json,397,8a05f03b3964a515038caaafbe337372a25137a663619d2dd0bf9c5ea304f547
Render/666SOUNDsDESIGn-Alert-Service-Renderer/docs/AUDIT_STRUCTURE_AWARENESS_2026-05-21.json,1643,40b43110a6c99b14fbce8dc9ed0984dbf4687224665de871e68b98f5acae8cac
Render/666SOUNDsDESIGn-Alert-Service-Renderer/docs/AUDIT_v185_PLAYER_ALERT_RENDER.json,42,17e068858fdf2d900758b5f9b751f260f1242c8f01512fd0848bce370176632f
Render/666SOUNDsDESIGn-Alert-Service-Renderer/docs/OVERVIEW.txt,354,e7607920cb6bd87b6a501fd55e58e817005e31549e9c8eb70184cce6b2c13fc5
Render/666SOUNDsDESIGn-Alert-Service-Renderer/docs/PLAYER_ALERT_RENDER_BACKEND_v185.md,433,38bad42a85d373fce6ac71b1a92ab6e56c4819548412ef6027fa5b249b772912
Render/666SOUNDsDESIGn-Alert-Service-Renderer/docs/PLAYER_FULLVERSION_DEPLOY_AWARENESS_2026-05-24.md,786,3a4319876df5397870158a4ff48f84aca1061a1e7ac8e99064f0b704c535f945
Render/666SOUNDsDESIGn-Alert-Service-Renderer/docs/PLAYER_REPO_STRUCTURE_AWARENESS.md,712,038ed77d945ed90afaf12286dbefa17bdfd3a297def79dcbfead27d5111aacbd
Render/666SOUNDsDESIGn-Alert-Service-Renderer/docs/PLAYER_STRUCTURE_MANIFEST.json,505,2bf1624098bafa2fa231b9d535f850d98745294ee8ae47acc3c794625ea2cf3d
Render/666SOUNDsDESIGn-Alert-Service-Renderer/render.yaml,857,c81a375a1de3107e0d8bd49f2a81072d6212a32e6cd13c7af2e727e6255bec09
Render/666SOUNDsDESIGn-Alert-Service-Renderer/renderer-player-structure-awareness.json,1361,9872fbfbbed1573d64e34c022a55c06835c6352c4893dd802929426e4c93b6f4
Render/666SOUNDsDESIGn-Alert-Service-Renderer/renderer_awareness/__init__.py,0,e3b0c44298fc1c149afbf4c8996fb92427ae41e4649b934ca495991b7852b855
Render/666SOUNDsDESIGn-Alert-Service-Renderer/renderer_awareness/player_structure.py,538,a4dee18ca2300500f77cde83f79f637cff53386e3126c2be96dd7ea01a0f0086
Render/666SOUNDsDESIGn-Alert-Service-Renderer/requirements.txt,108,a65cccf2f19f6dd0459f4117afb06ad3cbabe6f8f5c1b61fd7da4cd26c8b78a3
Render/666SOUNDsDESIGn-Alert-Service-Renderer/runtime.txt,14,4cb403e5b3e213ec0f3565abdb2f27256eb0b62b54f43d5f427e5a7845575544
Render/666SOUNDsDESIGn-Alert-Service-Renderer/src/__init__.py,1,01ba4719c80b6fe911b091a7c05124b64eeece964e09c058ef8f9805daca546b
Render/666SOUNDsDESIGn-Alert-Service-Renderer/src/app/__init__.py,0,e3b0c44298fc1c149afbf4c8996fb92427ae41e4649b934ca495991b7852b855
Render/666SOUNDsDESIGn-Alert-Service-Renderer/src/app/db.py,354,0d6dcc52ff06a18e2b494d835edb7daa6b442f608fea5b0a15a6ab06dda7e9c6
Render/666SOUNDsDESIGn-Alert-Service-Renderer/src/app/models.py,285,013a72a081b059cd255af82471e115156b611be926fd6f178cb75655509dcfc8
Render/666SOUNDsDESIGn-Alert-Service-Renderer/src/index.html,1630,d73ed88365be3fe7c1ce0b0794bed6eeef1893018d52576c3519b5b331978d11
Render/666SOUNDsDESIGn-Alert-Service-Renderer/src/server.py,15685,cd30eee7a6b9a37e9c6c93b513fe83ddc1a25c4b028a7593f5fed7e344f07fd2
SCRIPTABLE_UPLOAD_README.md,959,c528db50109aaeae01abaf1fe67089abb02102d7db4e246ae8a942b468e5ef5f
Scriptable/Scripts/666SOUNDsDESIGn_FOLDER_UPLOADER_LIVE_UI.js,13758,165acc4e235c1d6bc54a75f5333d16b2e9d856993af3345a48d2f7da68268fc0
amaris/index.html,19126,5c1477dac8e8b0138d0bc4ead637e066666f2c8767505320c72266b5a7fdf90e
assets/addons/discord-embed-v1/README.md,292,df02598e3a70cafb5b8440d64adf8d7db7a01d990a255969540634696c9d86b6
assets/addons/discord-embed-v1/Scriptable/Scripts/666SOUNDsDESIGn_DISCORD_PLAYER_CARD_iPHONE.js,5922,19b25fdf9f100f57dce690028905933d9adbf9da663d6f0ded58d12f16269ec0
assets/addons/discord-embed-v1/assets/discord/discord-preview.svg,1581,8b1c8567379e3699b964e4df0b5a2d1530407861d41e77579596c81bf670f147
assets/addons/discord-embed-v1/docs/HANDOFF_DISCORD_EMBED_PLAYER_V1.md,6545,0e64f5f14d41f3daf8d4cdcffbae9afeb89da615f4a4128bb321aaeb8811a880
assets/addons/discord-embed-v1/examples/discord-player-card-direct-payload.json,928,cf0bcdf6b4ff08dae76b81cb8a162e9d754ba883eae49fe3e2f4c5e8fba951f2
assets/addons/discord-embed-v1/tools/pc/SEND_DISCORD_PLAYER_CARD_PC.bat,429,8c63c6e6ef83190b29010ae7c4b33f74347c8467ddf5b0c0c8c2f9f653272e91
assets/addons/discord-embed-v1/tools/pc/send-discord-player-card.ps1,1752,0c12c8a88c7b82ae63a59ee8241b7196cb336f4f3a61e7a92f1d4f960742e5d8
assets/addons/discord-embed-v1/worker-addons/WORKER_INTEGRATION_SNIPPET.txt,914,b06a4369a4b71a0b4a70d219c0567a4701e2cb7f1e07271d23569e1f1d59fe82
assets/addons/discord-embed-v1/worker-addons/discord-embed-addon.js,5427,0d56aeda39cfdb106f43efcfc969bbf8da66ce898c8ade798d1244284e6f9aef
assets/discord/discord-preview.svg,1661,a28ee37b66055532ca3af046652a25a0476e49326825367a2d29ee3adf3bf76b
assets/hud-logo/666-cyber-hud-logo.css,10938,c9c9cf2f0ebb4a32ad7b7a7bb1fb8f473f27175aa8f3b3cbb15e057292f471f5
assets/hud-logo/666-cyber-hud-logo.js,795,a0aaeb414d28faed19c82f7d674909e91b16e307f0dec607cbbdbf00a29efbdc
assets/hud-logo/img/666-skull-core-transparent.png,401393,fbc53389905bad2c8767517966a01461d666f16cec9bb5f9d71ead6385c5f011
assets/hud-logo/img/666-source-logo-transparent.png,734206,d7d7c73842a2f166b730f32f60f9fc8d84e8d73fdba3ba791060743a62fdb63c
assets/hud-logo/img/fallback-logo-static-transparent.png,339654,569ce339714843c4150900ccec5e51fe36de5fd35652563b39cbd51ba18d4825
assets/icons/android-chrome-192x192.png,72293,0bf5a281dbd55fbcf831e94077bd66ec814a9fbe83bb25b259ded27065d645d9
assets/icons/android-chrome-512x512.png,431241,d22198235d9a18989fb1e1b4973ccaf89ffe2d733b01cd66f7d411f492221fd7
assets/icons/apple-touch-icon.png,64320,13c1a5637b7b719a7bd73a3645e050c5ed3bb7a31105d88b6725a439d249a8ba
assets/icons/favicon-16x16.png,1648,64165678532f8ee796b9e0f5c4489dd35d0bf206b98a3bac9fc577349bfdc418
assets/icons/favicon-32x32.png,3332,3e9ac262476ebc92aefdc6cb7787669af2ce9e4d90720deb36dcd052233864a3
assets/icons/favicon.ico,3332,3e9ac262476ebc92aefdc6cb7787669af2ce9e4d90720deb36dcd052233864a3
assets/icons/icon-1024x1024.png,1508011,b9a92e87f9f7a55075e2651d83e10b6c6d011a148265e4c536f2d2dd1f85a80c
assets/icons/icon-128x128.png,34489,e8bd050a81b9c00ca594705eef1279bbc3b147da1a934f4ef75df82baaeedc0c
assets/icons/icon-16x16.png,1648,64165678532f8ee796b9e0f5c4489dd35d0bf206b98a3bac9fc577349bfdc418
assets/icons/icon-180x180.png,64320,13c1a5637b7b719a7bd73a3645e050c5ed3bb7a31105d88b6725a439d249a8ba
assets/icons/icon-192x192.png,72293,0bf5a281dbd55fbcf831e94077bd66ec814a9fbe83bb25b259ded27065d645d9
assets/icons/icon-256x256.png,122100,f7db32c44fb0a6c7f8ed040d305dcc53eef1f87d7c8bae77067cea6d94f9ff5d
assets/icons/icon-32x32.png,3332,3e9ac262476ebc92aefdc6cb7787669af2ce9e4d90720deb36dcd052233864a3
assets/icons/icon-384x384.png,255325,1862a79f35aacd8e3ed9cd4e997a10af2ee3d2c3cf3e13a401478636db1e6ed4
assets/icons/icon-48x48.png,6231,9a8355b99faa447f5e99fc70fbd54273bf152d74126cb328c72af58d70aa89b1
assets/icons/icon-512x512.png,431241,d22198235d9a18989fb1e1b4973ccaf89ffe2d733b01cd66f7d411f492221fd7
assets/icons/icon-64x64.png,10238,a35e09cb1d32763aaddeabe305b7459dec4a4ac2dd6bd168c1b4aa062664ab0d
assets/icons/icon-96x96.png,20728,cf285fe7b699030b95d91e830298e7f68cee637342a8d778f6add83f4c74034b
assets/icons/internal-icon.png,431241,d22198235d9a18989fb1e1b4973ccaf89ffe2d733b01cd66f7d411f492221fd7
assets/images/cyberpunk-bg.png,2072168,40163450813fc2401aba3dd19dfa5bd8b39cab907e433f8902fbc11065d90eea
assets/images/fallback-cover.png,5175793,a61c54b1d2150ac2be75eda21bae81a25ac6513094468dd9656c39d931896bee
assets/images/frame-v7-clean-desktop.jpeg,189522,e5abf1a3a86720ac5f1af6e551be5efa2b1da80d3ae827e4dd65bb3764fb82e9
assets/images/frame-v7-clean-mobile.jpeg,573246,595e55145c4ae3e7a67b462632e28a53aa2436cdee444dfb91a1f3149dae71e1
assets/images/pc-player-background.png,733363,3eb596c63d09a75762e2056314a22d885c069004d894e47f99b5a16c519aba04
assets/logos/666soundsdesign-ai-banner.png,70019,2087180b706cc1b6588739ddf600122366cff9d87cf03974d25670043463f4c4
assets/logos/cyberstream-ai-cockpit-header.png,33235,16d3be12d0994373aed21dcb382395394e1b5fa23e93f56952fff822e4cffe60
assets/logos/cyberstream-cockpit-header-2026.png,186761,61c699e98a32563ba43c855d8e2637b278063aaf6f90631d1b41eb3c0a011e1a
assets/logos/cyberstream-cockpit-header.png,544178,9066db906be583f6fd930ef9ea2d2e0312fa954f3349356772405b8064c312cc
assets/logos/cyberstream-left-logo.png,321272,a972454ab747482a84a158da4dd240920d24b169c2f1746586865e16d3b07606
assets/logos/cyberstream-right-logo.png,162683,3e9aa32d33c7b0351ff73c18f4a95194443ae08337f9382aeec0f8278a6b6720
assets/logos/header-666-center-logo.png,1221641,85f388e7f8b4d2e612295df8f42d27fd4a562bda697018a4ebc16ec2361c531c
assets/logos/phase10-new-header-logo.png,339654,569ce339714843c4150900ccec5e51fe36de5fd35652563b39cbd51ba18d4825
assets/logos/player-header-logo-1280.png,447421,bc761976751ae3666182f4333fb02850bb1809ca7b9ddf4c1c8e1f9425de0296
assets/logos/player-header-logo-480.png,80170,9d6655167a92187354b048075bd8905540e5e18428d726bf7b5515af6fc323aa
assets/logos/player-header-logo-720.png,162964,c022815877a8f4dd208e5ce78cbc68d44a6d09356593878c5007838bcd765fa3
assets/logos/player-header-logo-960.png,270211,ce3bd5b296a7b01b9323c3d61e44c92a6e780ca2fc9608a8d656cc48daf193e1
assets/logos/player-header-logo.png,991185,d2b7edbf6084132029162c2ec7b333d3059c20eee7c0e8f849d860b7bf117b6e
assets/logos/radiobot-ai-badge.png,2335242,b41356ce56f26cf2d9ce05bac58d17ae44bd36946609aed9b4fc30f5dcb3a910
assets/logos/radiobot-ai-dj-icon.png,2335242,b41356ce56f26cf2d9ce05bac58d17ae44bd36946609aed9b4fc30f5dcb3a910
assets/logos/radiobot-ai-dj-logo-v2.png,428730,2d70996f869d225d9047c901b2b09e098e6639122339a2147f3ab79675f41288
assets/logos/radiobot-ai-logo-v3.png,418908,a3ce23089741b518b4250ad126d4968c61b64ea9655a87986ca2c4019f92689d
assets/logos/radiobot-ai-logo-v4.png,320647,efd9946884f1f2d294bf1284a32196f6f0acc790cacd908f0822c2832b7d5bda
chaos-matrix-control.html,23761,a17b38222db1580282de8a850f0e0ab6a9430f10130f160538b1cc41a6fba3e4
config/admin-runtime.env.example,2016,771f49b70628694c51c3f606d73b48924069edfbee9351035e0ed1933641002a
config/radio-runtime.json,1864,3f8e72363b9dd1842dc5fabb3e5c3ac07dd3484af73a7cf100d2458d49419edb
config/release.json,637,cc9a3d0633c954b528182b14a0373ae2506a5d520d1fbb28d17e24531cb56a75
config/stream.config.js,708,f792f0612fe7d7a71226a618f0a0d2b3d58d113b8e9fba4862f81ce4720ceea9
config/ui.config.js,2328,0a887fec2c8821d426ff6dec7b9a37c1b4f1491afc84077e687c228075c0b984
core/audio/boost-core.js,3121,08849789d2cc124e0d9202ab2102978e80de1f03e10aee82cc05d0d6a0af9feb
core/overlay/overlay-core.css,1224,cdd094f33cf9db5fce7f514a2433cafa1505b95e8a2e9475fb665c2ace9cdca8
core/overlay/overlay-core.js,4577,32169ab46d34e73596f2a0e7a60cc4c779b82d4b799d50d308bc39bf1d4316b5
core/version/version-core.js,1644,45b00d3cc3d19d0d6e4ebf6d1ab11b28631f16997b691095f0b26b121a9f99fc
css/addons/discord-embed-v83.css,2570,0a2f0fb12d0ff6d96869c1fcd628f7876a912ff85253ba6e1773d58b597e289e
css/addons/discord-player-addon-v3.css,9607,d2c28bae3c8d4f6e344b09faa40b7f66f4f2d2bb468115bfde68cc66ba4efefd
css/addons/player-broadcast-alert-v148.css,10526,426ba273583757dec091dd0b51340ccd334602ed6efde54679178fb69b5955b8
css/base.css,4463,d0ed048d5f14d01a344bfbf3dca06159a0b67b6e1396400d38d6426823cc1dcd
css/broadcast-message-history.css,3554,5a0796f2a89af4808ba16c4e3f2dd71ed7c5b6148a1f77dc68b76d6cbe519647
css/design-tokens.css,5368,004e84894301e59cd073ef327f6fc9fd43a8058d237ac3933184218c5f231863
css/desktop.css,180091,511e1f9a8803ed521ec5df807c9b7a59125383bbfcfdd825f993fe90af172ec0
css/effects.css,757,9a2428363b42e79ec303c7157d2a4cff4a1baee5611399648ac660a1a7d36d26
css/eq-overlay.css,2506,16e6ca4aeddf4e3a4f6012c6650d162c3dfea5b0444b9940072cac1542b5abdb
css/extern.css,4879,f745f7b9a873d24974bce4b9ed6e4372ebf6b2e5e7338c1535f44a4ebd76a169
css/layout.css,11509,bdb8f099b1099a508a22efb00a5c498321a4e6a34338e36e80bb78efee51f007
css/mobile-patches.css,41050,ff17b11e46b363c8294a3a7b5ec2683e979a5031b87821ee9ed1c007cf10a9fa
css/mobile.css,500,7d142e8e1492837ed8b2c987fd685f410ae35f663eafd38cf97012e9df546e68
css/phase10-stability-iphone-panel-hud.css,34005,08e3f3518554f1e70b9e05712da9d69e521e4a4565823925e22f82e9f9443f45
css/player-admin-overlay.css,4094,c31f6492506b806101bad6a2583cc485b9f933e3817b7477887933d31e04e801
css/player-patches.css,49332,8a2de2969104eac7771fd4126a0d98546e47968181d4bb645bcb0be7b0b40c76
css/player-stage-v2.css,25089,7e744d58bf8bd04f22048f4a5cef498983dc86fa7d2d7e0150feeabc5e68c183
css/primary-player-actions.css,12065,0343f2acdcd2f1329bd0f342f749d2b87ed4bcbddde67692361c466f1e91e81d
css/shared-status.css,1209,10a36663281ad77a8b29fff26b5a74921c6efbbe78eb824998c4d7d7fc0cf817
css/sound-control-overlay-v1.css,4741,1cad43e2a69e61c61d41d823108477359994eabeb22e1b640ae612fe0b06ab0a
dashboard/index.html,17694,ed49b499d222c6c9ba063d2033bcddcfc24981fe5c8659d9297227f950b3e752
docs/ADMIN_CONFIG_SYSTEM_2026-05-21.md,889,37839325566fc33c7eadb3a3012a77f04fc11e0e63dbf1da67d89ddff054c716
docs/ADMIN_CONFIG_SYSTEM_V1_2026-05-25.md,1427,8be24555ffc627920a25bb8340963b734df93d17ae4bdb3fbbe2c1f70841dbd1
docs/ADMIN_DISCORD_SHOOTER_MERGE_V1_2026-05-25.md,671,85fd8676673659ff3b45096c6bc2fc9c444fd1d0eda12d1bebff280853a78e5b
docs/ADMIN_WORKER_VERSION_GUARD_V1_2026-05-25.md,116,ee29b4a9839a522c0725297982d7cbc64057578d281abe06098c46bcd6846b18
docs/AUDIO_FOCUS_GUARD_V1_2026-05-25.md,871,0ee6d6e18e9bd24512c32d4a9de639b6053f71aaf3f5e2e45d988b2b90a94cb0
docs/AUDIT_2026-06-15_LEVELMETER_AUDIO_SKIP_SHOUTCAST.md,4703,de331b898bba50e9e9fab73400f537f27f035fc5599409a1642d1e04a4740f4c
docs/AUDIT_ADMIN_CONFIG_SYSTEM_2026-05-21.json,1643,40b43110a6c99b14fbce8dc9ed0984dbf4687224665de871e68b98f5acae8cac
docs/AUDIT_ADMIN_CONFIG_SYSTEM_V1_2026-05-25.json,47399,d3fd5e9a61362704b03fd7b3500c98248113544a981cdbd5b589dbcfc13efe90
docs/AUDIT_ADMIN_DISCORD_SHOOTER_MERGE_V1_2026-05-25.json,11288,69ca98a751c27914e508e9a9dae8438705c56dee65ae3f675a93cfe7a34d4026
docs/AUDIT_ADMIN_WORKER_VERSION_GUARD_V1_2026-05-25.json,642,d09a3ec7488f23cf36b5e37ccfb26e52985bb7d03e6eba0370ee6903fd1c0b14
docs/AUDIT_AUDIO_FOCUS_GUARD_V1_2026-05-25.json,531158,1a183e371c4de9ae5f36e5f81df744d9de243b94ab45f98e4c667d4923a9a395
docs/AUDIT_BROADCAST_ALERT_V181_FINAL_FIX_2026-05-21.json,491,fe4ed1c623310129285b1f5576392a23b406b521ea6c35d3d182db0b98f9cd6f
docs/AUDIT_BROADCAST_ALERT_v152_CLICK_FIX.json,365,d8c583fd4b5baaa4a4ff0e05adf126e001b301b899850d4e71b7965974ac443d
docs/AUDIT_BROADCAST_ALERT_v152_SEND_FIX.json,392,e519d29369306d095b7dde9b4c5a0d550de6d4420718c1a03c14c1c55f1e2adb
docs/AUDIT_CENTRAL_AUDIO_STABILITY_GUARD_V2_2026-05-30.json,828,b339abdd4ede767a008b76525142ecaffcaebae51a54727d7abe022046f4d852
docs/AUDIT_CHAOS_SUNO_RENDERER_INTEGRATION_V1_2026-05-25.json,101982,367b73cbc1caf8d1ff3fd8874b39d55f50f961303bae679883313159f3be6df3
docs/AUDIT_DIRECTFIX_STREAM_HEADER_TICKER_MESSAGE_V1_2026-05-25.json,8544607,9b186233eee665ed04d66cd58c55885c60799cb9a07ceb4c75b11f2ef03df6f5
docs/AUDIT_DISCORD_PRIVATE_TRACKPOST_V1_2026-05-28.json,608,d0f70e05da56a0e1337223dee1cbbe8e2f734d46a63d03ef4862b3782b0dafb4
docs/AUDIT_DISCORD_PRIVATE_TRACK_SHOOTER_SECRET_FIX_V1_2026-05-30.json,517,ebdcbe5a285adde624284ff9a042989a8bafbdbbcfdfdd9b4e0a9e5fbe1bba58
docs/AUDIT_DISCORD_WEBHOOK_HTML_PLAYER_ADDON_V3.json,1152,e5784815bc64f35af1fde3a2b23d8484e653d7c88049e64b02b04b9623ec1679
docs/AUDIT_FINAL_INTEGRATION_2026-05-24.json,1127,f977eadde6ca1e34b342afc268eb30d3f245b3f7300cf886db1e3d137b810fab
docs/AUDIT_FORCED_UI_IMPLEMENTATION_V1_2026-05-30.json,746,cd6bafedaff9963641c32aaaae6ae88c462d3bdc984ff7aff7381033cdca75dd
docs/AUDIT_FULLVERSION_WITH_RENDERER_RESOURCES_2026-05-24.json,1650,8c32230bd1e452c4b1c2f3636dd503997f28550c649c5b21a2dcb2ed09f4bb70
docs/AUDIT_FULLVERSION_WITH_SUNO_CHAOS_WORKERS_2026-05-24.json,1760,35e505d5d284b9c6af2e370c73dde09e78f03467394ea7db50d98d0d7c411ed1
docs/AUDIT_GOVEE_FX_SCENE_SYNC_INTEGRATION_V1_2026-05-25.json,1287581,4022c86a116736a02071ffd682be6a802cce440b9b3b801f0021084a90932321
docs/AUDIT_HARDFIX_MAINONLY_LOGO_PANEL_V2_2026-05-25.json,1508,993f3d539c8d479e3e848f272ef145b9940079c865ef3ddf27ed660c86dfa562
docs/AUDIT_IPHONE_AUDIO_STABILITY_GUARD_V2_2026-05-30.json,780,1a15688d64bfc71ed74ea0f93249b322dd0cd94acab5082683c25e3b614124db
docs/AUDIT_IPHONE_PC_PARITY_V1_2026-05-30.json,1190,6555cafcd43b6617eedc3e82503ade55256356788de5583a438c5f3899d3c060
docs/AUDIT_MAIN_BACKUP_HEADER_PANEL_FIX_V1_2026-05-25.json,3254272,3fb1d59afd1993bd27d1a28522c209229e8dfb37a34fe51013ef66d75abe270d
docs/AUDIT_PC_AUDIO_STABILITY_HOTFIX_V1_2026-05-25.json,427,733123958875b013177d171eadbf994d1d2819a4b0c2cba152d2ddc0427587db
docs/AUDIT_PC_UI_FINETUNE_V1_2026-05-28.json,411,4d51f46d8bb509b8d5cc05fa2365919706578172f751737e2c0b5adff762bef5
docs/AUDIT_PHASE10_STABILITY_IPHONE_PANEL_HUD_REBUILD_2026-05-25.json,228957,208bc2a26a27f8b9ab1dc0dd545ec9aad231dd633943cf21c6226496ec49a35b
docs/AUDIT_PLAYER_CONTROL_CLEANUP_V2_2026-05-25.json,3402,605788e8f75683e66bd41da36043c0e8712bed1d0c94935caa8c8ec6ab05bb14
docs/AUDIT_ROUTE_LIVE_DEBUG_HARDENING_V1_2026-05-25.json,22486,83e2eef6d8dbbe99fcf4baf81617d8c83f4426fb4f86bb82b1a905fc10949916
docs/AUDIT_SIDE_METER_REACTIVITY_V1_2026-05-30.json,755,4ff673bb6458ffef768555c9a98154b0f00e1ec80a06c8f0d2a192f88d525408
docs/AUDIT_SOUND_CONTROL_OVERLAY_V1_2026-05-25.json,5815,cc65c9dabe9ab0b2cb490d0700bffcfa909ed22d024157818fe866b0541fac0d
docs/AUDIT_TICKER_SHORTLOOP_FIX_V1_2026-05-25.json,919,f69087d9bbd6453205f68eead38db71abc621a3f7da9d854f046b15b9f773e0d
docs/AUDIT_UI_FINETUNE_V1_2026-05-28.json,1125,2a9ac1c3725e674620d68746e62f286c23123acd681c1a7b2132753870213577
docs/AUDIT_V186_WORKER_BACKEND_ROUTE_FIX.json,219,aea464f1a18b390300cd5cc25a090138c2e2e1b8aceff43fd0f065541cead3bc
docs/AUDIT_v154_PC_REAL_EQ_LOWER_AREA.json,459,32ee0ccc998bc23d49106595fe2e60b9a14b48e60d802efc3ddc46ebaadee070
docs/AUDIT_v157_PC_DUAL_EQ_MIRROR_CLEAN.json,527,bb5a061b7210c7ebe878696f86d262d69c638581e302687bf673b9717ddd600a
docs/AUDIT_v160_iPHONE_SEND_BOOST_ROOT_FIX.json,566,e3f85d339e475aefb03e5b4b3d5bf7ec20e970bcc5a9aa891aaf4e6b79d9ad47
docs/AUDIT_v161_iPHONE_WIDTH_METER_BROADCAST_ROOT_FIX.md,716,ee371b41110c2ae2baeb526ee0f3552f675827f59584f1df3961509b8fed6b48
docs/AUDIT_v162_iPHONE_WIDTH_SEND_BOTTOMMETER_ROOT_FIX.json,440,c77577c8df80b301cdfae649413adaf1bbe659366f66c2bf80b4b45ceda373bf
docs/AUDIT_v163_BROADCAST_FEEDBACK_ATMOSPHERE_EQCOMPACT.json,484,0cf8bccdf807e7eeddd2d7f13914aa356576bd949a7e59fc16382707a133c6cb
docs/AUDIT_v166_PC_LEVEL_META_RESTORE_SINGLE_EQ.json,722,296ad6d4f91d78a1ebe86654a31d561dda5a0c39b2002e03bca96a314baba3fc
docs/AUDIT_v167_PC_SINGLE_EQ_CENTERED_PURGE.json,956,b7129c5d8fa16e6cd7aae1fc42a804f804a5db3062bdbe7bda3ff9897cfe82a3
docs/AUDIT_v168_DUAL_DISCORD_SINGLE_EQ.json,682,6f1fcb98820215c0a85f3b8610436ae647f8ff2505afb340709f7217fd591d58
docs/AUDIT_v170_GLOBAL_BROADCAST_DUAL_DISCORD_EQ_CENTER.md,1079,6187a0d6d72f4919257abbfe6bfe000ca90bb78adfdb8de0b8a81dce1cdce969
docs/AUDIT_v171_KV_DUALDISCORD_EQ_NUDGE.md,732,46a292d712bcb832eb01026a8cd0900b9ba190c1cc2913401cce450fc800ac9c
docs/AUDIT_v175_CLEAN_EQ_VERSION_NO_LAYER.json,239,f06f036a89583eb6b5c8c0d7360262a93b0286f65fbddabff414a8cc9c00b147
docs/AUDIT_v175_CLEAN_EQ_VERSION_NO_LAYER.md,1394,7d95adc5cbc81ee2a60218fc075078967699f2e19f8b7fbe97e47328a2cabc57
docs/AUDIT_v180_BACKEND_PRIMARY_IPHONE_UI_SAFE.md,848,b05545bdd669e68e750f4d5f981351aebc9976e7ee9d5bc5c3d2cad0d77b8a65
docs/AUDIT_v185_SYNTAX.json,387,165bd0102cc3bdf5dc2b5150a35a30c754ed6d6ad6825be88cea252d876db8b0
docs/AUDIT_v185_TICKER_METER_BOOST_ONLY.md,813,b83769a76afb5aa66a71037c3184027155d1f7ce777e403e68ac5d6e003fa629
docs/AUDIT_v187_MOBILE_CYBER_HEADER_BRAND_ROW_PURGE.md,464,a7966bc65a456af6c6ddf0905f9b14462de88da7f3f6861a07693ca05817dda1
docs/AUDIT_v188_BOOST_STAGE_4_5_AUDIBLE_FIX.json,917,2a1b72d51d0d6f8ef5e20f3ec173bd3bc176849b005eabd7db2ddb70d64343dc
docs/AUDIT_v190_FRAGGLE_DYNASTIE_LEFT_SFX_DNA.json,1135,02565f09652aa81bfaccd8a0fadb3b48a04ed4a005469e49fef8410928ff10ce
docs/AUDIT_v191_CYBER_HUD_LEVELMETERS.json,689,8729b72ac697a02948f320b5dc487df034c2176ee8d6a181bf217375ba8bacef
docs/AUDIT_v192_PC_HUD_METER_EQ_TICKER.json,1085,76af79fe645ddc3d3493ed617ae5bcc76592646fc745dc1b4f15181b293dd3fd
docs/AUDIT_v195_SAFE_LEFT_FX_TEXT_ONLY.json,678,c88f96188d0868fbc4f4cb64a1b042de940ffc225d58e6bff7ad6f18a1bf071d
docs/AUDIT_v47_USER_ASSET_INTEGRATION_FINAL.json,2288,6d1ac443687e9ce28fd87565047e813239e74e1504abd7b3151e4937a49f8ee4
docs/AUDIT_v48_MOBILE_VISUALIZER_PC_DYNAMICS_PORT.json,2241,56c8f8eee1df2501b45b8e0b0476f70283683b6a5c17d932c60b73f155ed9192
docs/AUDIT_v50_CLEAN_REPO_ONLY_ASSET_ROUTE_FIX.json,1689,2c03a2cfd6525a0f44441f8958634346ab1f1cef563e2b30b4a02a4826f528db
docs/AUDIT_v51_DESKTOP_MATCH_MOBILE_KEEP_PC_SIDE_METERS.json,1267,1e6e442611e43a4855a1982d67fd9d70bd1827762e62882c34926c93c8dacfec
docs/AUDIT_v52_PC_PANEL_LED_NOWPLAYING_LAYOUT_FIX.json,1084,eae1b7525aac656e5bd39541a322dbed3d98d8bf5b01ac6175e123adf7269b89
docs/AUDIT_v53_PC_BOTTOM_MOBILE_LEVELMETER_ADDON.json,1194,ed1bfb6a51d2a842f15f18ac02878d34b55ee35ecce44080da8dedb91d548f62
docs/AUDIT_v54_PC_VERSION_BADGE_BOTTOM_RIGHT.json,1081,8ab6ef81946a9e861aeaa56c663a2a70ffae0c941e9e2e26842eacecfb8e07b8
docs/AUDIT_v55_PC_CONSOLIDATED_LAYOUT_DYNAMICS_FIX.json,1782,1d80a471fa46b7021eb037d5a0d1327520a42e713a65c962d375e72651c65710
docs/AUDIT_v56_DIRECT_REPAIR_PANELS_HISTORY_BOTTOMMETER.json,1760,1be3a07de0e8969129ba31e8448b71c6d95a2c12df9dcb99f25a82370ae07878
docs/AUDIT_v57_DESKTOP_LAYER_PURGE_CANONICAL.json,1328,6be9b45555f52748fda1f172596cc94e1093dc43b0a1c3a589655eadffd28039
docs/AUDIT_v58_NOWPLAYING_DUPLICATE_TICKER_PURGE.json,1127,b0fd85f4e820db59694c70784fbd8b4aee0177edcfd0eba204a6024bf8456b1b
docs/AUDIT_v59_PC_LED_STATE_LOGIC_FIX_REPAIRED.json,1643,d93ef95589d7e9f4611f3971982f1ebc9fd3ca3bbc2c110070414385509af0bb
docs/AUDIT_v60_PC_COLLECTED_PATCH_MB_COVER_VERSION_META.json,1808,3d67f1867ac7ed664733a4fae0c5ff4e199fc7727f1141c36f74c66903c459af
docs/AUDIT_v61_PC_META_COVER_STOP_LED_FIX.json,1792,35c7151e9d286ab3ef1323b21a69f3516244a490a1c48424f7f99a161c616729
docs/AUDIT_v62_PC_HEADER_LOGO_LAYOUT_COLLECTED.json,1653,a6bdbe5481d4770383d8a89a7cad7c1096631a5f1c84f91749390388d90e97ac
docs/AUDIT_v63_PC_HEADER_LOGO_GAP_FIX.json,1136,71f6a25d35563d2f228a3c7f65e838cdcbd17913d7739c5af69af17257527953
docs/AUDIT_v64_PC_PANEL_WIDTH_AUDIO_LOGO_EQ_BOOST.json,1309,ca6f75969d93257f66244b43caf58696458869174a1746f5cc870c2ee7a0581b
docs/AUDIT_v65_PC_CSS_LAYER_CLEANUP_TICKER_CENTER_FIX.json,1403,735299af53d5a307401d1a6ff56d6abe247f36e8d73a27d3ba8e529c8a3f14f5
docs/AUDIT_v66_CSS_CLEANUP_THE_DARK_DANCER_ROUTE.json,1766,95cf6f02af37934f9c58531aa8d1aa2c99f4ac15ef742ced82c047983d40df49
docs/AUDIT_v67_THE_DARK_DANCER_ROUTE_PRIORITY_FIX.json,1518,b2457b103bb89f8752766c1313c6ac981c8ef4533f1ac3cb72c8b6df730c1efc
docs/AUDIT_v68_PC_LAYOUT_BUTTONS_TICKER_LOGO_FINAL.json,2368,dcb9ca61990d84df3237d0b9604d1373bf6c53f7d5fee34be5e51f026a615683
docs/AUDIT_v69_MOBILE_HISTORY_OVERLAY_SOURCE_RESTORE.json,1293,d61516583954fcf244eef75dd78f731018e26facda0e0c211e2c7248eac00a8d
docs/AUDIT_v70_BG_AUDIO_TICKER_MOBILE_DJ_FIX.json,1312,633c32df61b54295cca29620910d0e1eff47f099ac93d76fdf70e4689989ca2f
docs/AUDIT_v71_PC_BACKGROUND_TICKER_PANEL_METER_VERSION_FIX.json,1312,0b5a2b2fb3e93f7fa4db84aa10b46b33d40625e761cd2a418c7ea39ac88bbe26
docs/AUDIT_v72_BOTTOM_METER_PANEL_TICKER_COVER_FIX.json,1365,15bed013c00fcc4d3c88555a235c54bd9a26ca5dab883eb15e41577320c44b6d
docs/AUDIT_v73_BOOST_TICKER_HISTORY_HEADER_CLEAN_FIX.json,1535,ab5974754dc82a24f612dae77a3fcea5faf8832d96b6929d3f5baa1bdf2a5f93
docs/AUDIT_v74_PC_IPHONE_SYSTEMPANEL_ALIGNMENT.json,2974,efe35b29022a32ae04e586b70f3934e16c9eba1025cec638b8952331ad586610
docs/AUDIT_v75_LAYER_CLEAN_AUDIO_META_SELFHEAL.json,3206,cab7e3741fe7899e5d9da772894c18aee75d975e67ccb3e5e6f884141d8b15d1
docs/AUDIT_v76_HARD_PURGE_PC_BOOST_FIX.json,3065,86e7130500c92c61fd13a595beab4eb5e73c86ffa71efff791675044e87a5480
docs/AUDIT_v77_PC_BOOST_META_GLOW_TICKER_FIX.json,2365,aed2fb7734358a879bcad2508c4fdecf664b3c90e4836af145ceda400afe84bc
docs/AUDIT_v78_HISTORY_TICKER_MODAL_BOOST_UI_FIX.json,2067,a71a4ece29b72a7b4ac02906b1b84090834efbcf5d79f916d419179418b97e32
docs/AUDIT_v79_CENTRAL_AUDIO_EXISTING_TICKER_FONT_LED.json,2370,3e6be34e3b244b636eac133468a62293501f00bce58bf6bbc342e257093624f2
docs/AUDIT_v79_PC_HISTORY_GLOW_BOOST_TICKER_REBUILD.json,2376,801fd02d10b0871698382d760c75a148364f54d439dafb76c04a863679fb9edd
docs/AUDIT_v80_DUAL_PLAYER_PARITY_MOBILE_HARD_FIX.json,2370,95e6ae7ab2e3699285f4c861847724722152ae29254ea74363c52f569f67e657
docs/AUDIT_v80_STREAM_STABILITY_MB_LED_REPAIR.json,2305,985b7c9fb93380cb397f556a48854e0f45e6e32383ed892fc70350eb87010f84
docs/AUDIT_v81_PC_LAYOUT_TICKER_METER_REPAIR.json,2546,ad37194eb14a482edb58be58427cc2f454b524d2c598878055c6a3b006e09693
docs/AUDIT_v82_RESTORE_IPHONE_PC_ONLY_ISOLATION.json,1904,77a519a9e524520d9f3ab0eb39149036abfed2395be3caa1027290c077a650b7
docs/AUDIT_v83_DISCORD_EMBED_PC_IPHONE_INTEGRATION.json,5681,65cbd31e711f8fa3e1e90ef3358fd6d4273da7424f574ff2194e0a249f05ae70
docs/AUDIT_v84_DNS_SAFE_STREAM_WORKER_PATCH.json,767,ce7fee57033f74efcdcfcc6d2bfaacb2641841e0325e47464c3ef45866044977
docs/AUDIT_v91_DISCORD_DC_MSG_METADATA_GATE.json,1634,46bb6f2cdf0c002a7f26297b11d2597483e3445d1d24f0cec6d901e3133d4873
docs/BROADCAST_ALERT_V181_FINAL_FIX_2026-05-21.md,871,a9187cca1c8d9c67ae547a11de8365f2892ce76b3d80a1fe2751d9c0b64a37b9
docs/BROADCAST_ALERT_v152_CLICK_FIX.md,852,dfce24a1218fc0ea528fb368ff7473913f01f2fb8de2013b78262a4dcdede930
docs/BROADCAST_ALERT_v152_SEND_FIX.md,895,2451935fbde3bcb0700b8ffecf56e1ff093dbe60d3d03e4fc8704eb000d327c5
docs/BROADCAST_MESSAGE_HISTORY_V189.md,501,8c6dcea54f6660659fe31543cf0e035b84633c37d0aa14896bdeb688a2df53ce
docs/CANONICAL_SOURCE_MAP_v1_0_1.md,996,cd6d358ca679e695bb03e06cdbaada8bb7c6f5ace25114c00c54d990e3ef3038
docs/CENTRAL_AUDIO_STABILITY_GUARD_V2_2026-05-30.md,194,edfbf9eae0873fc8b8e6c7784ebbf01b406b2f4493338819d17d1cfaad9ef329
docs/CHANGELOG_CHAOS_MATRIX_CONTROL.md,1691,bbebb6b10dbd045ac6c7c7f75be5e045edfa9e2854efb81f8f0bbaa9ce2e6885
docs/CHANGELOG_v124_PC_DUAL_METER_TICKER_CYAN.txt,539,06080f13fbabbf72b4243742f945cd5934da51f0b02ee79ad30e6a453cb1c3b8
docs/CHANGELOG_v133_PC_SIDE_ADDON_WIDE_CENTER_TRIPLEMETER.txt,549,935671495745fa716e4d7649b3236ff3fb6d8f771a90ca6deb54eb86e738358f
docs/CHANGELOG_v135_PC_SIDE_ADDON_REANCHOR.txt,389,3bd5b0eb60a440c33a5d6624c083136ca1bb39404b927bed851852ae2dcd3892
docs/CHANGELOG_v136_PC_SIDE_ADDON_CONTENT_REBUILD.txt,594,fb1889b04565e6415794b2bf36b25e4c7ef10564bdcd2111a5dbc65b7e974f90
docs/CHANGELOG_v137_PC_SIDE_ADDON_REACTIVITY.txt,453,2dcc1bf074d9e4801ea1900ea4bdfb7446378c0337c0b0ec428373958ea39ae4
docs/CHANGELOG_v152_PLAYER_BROADCAST_INLINE_SAFE.txt,544,b9a890bd338987ebb898f3055f5cb2b2098fbe9c56c5d9cd425c22b1b78b6df1
docs/CHANGELOG_v153_ALERT_INLINE_BOTTOM_GEOMETRY_FIX.txt,588,4bda472c5a80fb2f46c528c0e3e45ad808c4e34c709379608b16ff2c63db8fd9
docs/CHANGELOG_v154_PC_REAL_EQ_LOWER_AREA.txt,578,002e6493b540b8d04ac0d5d308a55c62d755b1611b941468dc0679ae2bd5e3b3
docs/CHANGELOG_v157_PC_DUAL_EQ_MIRROR_CLEAN.txt,573,d13a0c1ab837bb58cd01742e655029167f61540f39587a5723db2ba44d6dc166
docs/CHANGELOG_v161_iPHONE_WIDTH_METER_BROADCAST_ROOT_FIX.md,963,a22da51757f05e5ba29acad35cdd475315f472491efa7a34e872a9aac608c8bb
docs/CHANGELOG_v162_iPHONE_WIDTH_SEND_BOTTOMMETER_ROOT_FIX.txt,757,fc52e9850d77cde5f6e3dab5ed38d3d8aa4c6453a8d9073b2f96412a45aaf856
docs/CHANGELOG_v172.md,753,7436923627d1a3fa0525fd440a758a0b8be788ad5894d327fc4ab74a152647ae
docs/CHANGELOG_v190_FRAGGLE_DYNASTIE_LEFT_SFX_DNA.md,1115,d1ede6f37e1fe803048da2e7866ad3542290cf4c53e8f6299b2702a1488d4fe3
docs/CHANGELOG_v47_USER_ASSET_INTEGRATION_FINAL.txt,574,0e733522620ac2ae6a35031d87b18494c12bd75b5f0102fccb6d4186add0f3a0
docs/CHANGELOG_v48_MOBILE_VISUALIZER_PC_DYNAMICS_PORT.txt,629,0c223006f05c4560235b76f0939c2105c1efb954b4c209b394ecfc6ac7152507
docs/CHANGELOG_v50_CLEAN_REPO_ONLY_ASSET_ROUTE_FIX.txt,789,174f13992278aee768a18b3660f4498616350070e6e66937408d9c3b1ee84dad
docs/CHANGELOG_v51_DESKTOP_MATCH_MOBILE_KEEP_PC_SIDE_METERS.txt,621,d30b3b02ec7bf922c4258e363bb4718a9d36172384f893ca42a51d62006499fa
docs/CHANGELOG_v52_PC_PANEL_LED_NOWPLAYING_LAYOUT_FIX.txt,637,8f740bf2c606072800e21cbee354019020ea9f76fd4870b26006154deb336978
docs/CHANGELOG_v53_PC_BOTTOM_MOBILE_LEVELMETER_ADDON.txt,636,058af8a2bc80a8d2d004bed661a332274a058fc9e1305781d43a59488690b402
docs/CHANGELOG_v54_PC_VERSION_BADGE_BOTTOM_RIGHT.txt,520,2b1b700005cca867e5f12f24448bb8c0355669e80026d727224aa35ab830f2d6
docs/CHANGELOG_v55_PC_CONSOLIDATED_LAYOUT_DYNAMICS_FIX.txt,653,b99240d49c8d6050b222818f1c0c8271ca4d73f1cd252ab4e097f13f9332f8c1
docs/CHANGELOG_v56_DIRECT_REPAIR_PANELS_HISTORY_BOTTOMMETER.txt,536,e0af9c9701e8cbfdd0283857fc7eefc42bfdc7951dcd193b61aad652cda224c8
docs/CHANGELOG_v57_DESKTOP_LAYER_PURGE_CANONICAL.txt,586,5150e3b50cf462b526c1a8d1e4e876b50d7734bc004ceda22766258a4fbed442
docs/CHANGELOG_v58_NOWPLAYING_DUPLICATE_TICKER_PURGE.txt,473,b4f95c911bd01b99845f909482fe5202995c2b649fee02bb094932e6edc51dbb
docs/CHANGELOG_v59_PC_LED_STATE_LOGIC_FIX_REPAIRED.txt,451,a08105f9ee1e967ae9ca31a7eb4b0771a36d0618058adb58b29c55a40d4578cb
docs/CHANGELOG_v60_PC_COLLECTED_PATCH_MB_COVER_VERSION_META.txt,632,ca837662f5e4c9bf3b850c9dd7695589ec837005be930a4bc142968638c57e4c
docs/CHANGELOG_v61_PC_META_COVER_STOP_LED_FIX.txt,564,019e09b53e43ba8b0d68064901e34843a5a2132d0dafacb39fe6e6489c071497
docs/CHANGELOG_v62_PC_HEADER_LOGO_LAYOUT_COLLECTED.txt,697,09a80d03e6aedbaa8b04f710261f758134ff73891fd4f4c3a565b4ca992058e1
docs/CHANGELOG_v63_PC_HEADER_LOGO_GAP_FIX.txt,489,1ebf3a8104a46fd70b43a7b7650caec1ec1f76404ea17b4ade0f73e1966c184a
docs/CHANGELOG_v64_PC_PANEL_WIDTH_AUDIO_LOGO_EQ_BOOST.txt,556,cc123313e4db2f7c67d0365bc82b9ec5c853af6fad48b85f3eec5da5ba575788
docs/CHANGELOG_v65_PC_CSS_LAYER_CLEANUP_TICKER_CENTER_FIX.txt,603,c0ef294ef92ed8d9d2f1380b90ff9881cb2be8ff178363cc6d41e442713f0f8f
docs/CHANGELOG_v66_CSS_CLEANUP_THE_DARK_DANCER_ROUTE.txt,684,b714c12f0bc8b6fdc64927f6780110e819cbcd39bb023d424883a6795a3960a5
docs/CHANGELOG_v67_THE_DARK_DANCER_ROUTE_PRIORITY_FIX.txt,604,79cc2dc41698145d5c5c48bf46f7882a7baa164de2f5793b2a9dd0e25fa0d175
docs/CHANGELOG_v68_PC_LAYOUT_BUTTONS_TICKER_LOGO_FINAL.txt,785,23574a2e5e9f2637560640253bea9c5ab3b0319d303aa543770c25e01e8b5e34
docs/CHANGELOG_v69_MOBILE_HISTORY_OVERLAY_SOURCE_RESTORE.txt,499,e3b405fc12de9f7e3e7c87f7578371ec148d8e443a7d4e5ffe76ff48ce902798
docs/CHANGELOG_v70_BG_AUDIO_TICKER_MOBILE_DJ_FIX.txt,472,716e366e1648c2330bebfdd37002fda2d46282260e6068248bf397e451d5c4e0
docs/CHANGELOG_v71_PC_BACKGROUND_TICKER_PANEL_METER_VERSION_FIX.txt,547,29b510e9c1226bb0d6b4ec53911a4aaabc3d7fc5ce3613ee407f8217c6f3a896
docs/CHANGELOG_v72_BOTTOM_METER_PANEL_TICKER_COVER_FIX.txt,496,214a50b499205ee976a7953e23792a942b8587b585afe3075961e38e9bdeddcb
docs/CHANGELOG_v73_BOOST_TICKER_HISTORY_HEADER_CLEAN_FIX.txt,567,f7492758a645ddc0fad65e94394f698629cd19bfdac73f8fbdbe0540483e4e91
docs/CHANGELOG_v74_PC_IPHONE_SYSTEMPANEL_ALIGNMENT.txt,550,b2144977c92ad5bec3c4b39738f37f9219941cc11d357f55570955a49c5d1732
docs/CHANGELOG_v75_LAYER_CLEAN_AUDIO_META_SELFHEAL.txt,503,d35689dd57c9241b6360ee2f5d2ee819e31471d70796cebb5109d839811a0c20
docs/CHANGELOG_v76_HARD_PURGE_PC_BOOST_FIX.txt,511,084be46cdcf6c4892387b044f1f67ff09b5be645f65e143e814f54b6d1f1f6ad
docs/CHANGELOG_v77_PC_BOOST_META_GLOW_TICKER_FIX.txt,496,3ae350dc1eaf4567d354a9632f1172e66909a5aa7e1691dfb87bdba9a3532ec9
docs/CHANGELOG_v78_HISTORY_TICKER_MODAL_BOOST_UI_FIX.txt,539,9787f68fc2f5f35f8bcf44b4f0d2d2c8e8faefdd9d2a90e02b2be6e2735b013c
docs/CHANGELOG_v79_CENTRAL_AUDIO_EXISTING_TICKER_FONT_LED.txt,602,45b98000e16efed76cc8d8eb8b156fde60cd9ee7b851b63e40c9984a3099eaea
docs/CHANGELOG_v79_PC_HISTORY_GLOW_BOOST_TICKER_REBUILD.txt,581,a026f26492176d63c89d38b1e61a1da28b29a747a87a12679b90895e90ac9042
docs/CHANGELOG_v80_DUAL_PLAYER_PARITY_MOBILE_HARD_FIX.txt,609,3359ae8c155f68955bd7ef19088a60dc38b3609fc0f517938068b437b5152dc6
docs/CHANGELOG_v80_STREAM_STABILITY_MB_LED_REPAIR.txt,491,de3a9be546106da489f003f912551dcd1e6c7d01b044534d2faf8b7bf977dd39
docs/CHANGELOG_v81_PC_LAYOUT_TICKER_METER_REPAIR.txt,592,2451468752644f0f365c7e2fd8a73a1fd20d13b9f31c06c15983cfc4d18bb891
docs/CHANGELOG_v82_RESTORE_IPHONE_PC_ONLY_ISOLATION.txt,474,d35fd2807f82942377ac32498e3f0a445b9bf67b0bcae4e34f595da8923dd8e3
docs/CHANGELOG_v83_DISCORD_EMBED_PC_IPHONE_INTEGRATION.txt,423,131e9d8438f65676ce607a6d2a9011f73161a23dc982996edad1ce218ebf580e
docs/CHANGELOG_v84_DNS_SAFE_STREAM_WORKER_PATCH.txt,993,069de849ec9069b3c54833488e0a8fdeb84d580eef63ec1d40bae074d0d274ff
docs/CHAOS_MATRIX_CONTROL_HANDOFF.md,12769,b9c177cb873f87475f7a350a67ca882150175ea369eed3ac1aa7ec2bbf2c197d
docs/CHAOS_MATRIX_DEPLOY_AUDIT_2026-05-15.md,1129,606faaeaaa974af3e468c83db37ff961a2f1f2c1ecc5b063b01240134eefc097
docs/CHAOS_MATRIX_PATCH.md,412,2d780235aa1a0efb1a64cce42fbf54f09e73dd212b00b0e09997dc60d15d0448
docs/CHAOS_MATRIX_SETUP.md,1298,bd4a908fd26db2574726f8c225fa2f0f2aa4960abdc7944a2f61f72381e305f0
docs/CHAOS_SUNO_RENDERER_INTEGRATION_V1_2026-05-25.md,1099,3ac2448eedadc0f228536452006895f52b55c9353bbf09302f5e966e9733150e
docs/CLOUDFLARE_BINDINGS_AND_SECRETS_v1_0_1.md,1256,640a6ac9ae1ebc32deada1cae6375289f9b873f9df56da57959d494c621a7831
docs/CLOUDFLARE_ENV_SECRET_DEPLOY_RULES.md,1068,7a2165223163686ac69416b03cde52c6de0f713fd7540087a605be806f15183c
docs/DIRECTFIX_STREAM_HEADER_TICKER_MESSAGE_V1_2026-05-25.md,496,8f301cb777137bb943a6f92a7f519798125f2d041bbe771bb31fe6a8885786ef
docs/DISCORD_PRIVATE_TRACKPOST_V1_2026-05-28.md,791,205dce85e063817c83ee076375a9d167f6e9fac79ee97e3b699ea1cac40c6273
docs/DISCORD_PRIVATE_TRACK_SHOOTER_SECRET_FIX_V1_2026-05-30.md,620,8327074c4a675fb86990888b8059f4cc6aee897960e54ac453238b59f328949f
docs/FINAL_INTEGRATION_REPORT_2026-05-24.md,1139,1673fcb6917ff30b1d92b4b24ee95a04d55922775592b42252fe4e47b688776f
docs/FORCED_UI_IMPLEMENTATION_V1_2026-05-30.md,152,e33b0e514f0b1215dd73cc4ca6817dbe3d6e1552dfc0f06d86951e498f64bd98
docs/GOVEE_FX_SCENE_SYNC_INTEGRATION_V1_2026-05-25.md,623,b835e1c37588ed56e99adead056cdba64880123356897d6fb33782a5f37619a7
docs/GOVEE_INTEGRATION.md,3454,5bba606b409c950efdd156ab0626b56d5d235b720ebe20b00e735454cf32e285
docs/HANDOFF_DISCORD_WEBHOOK_HTML_PLAYER_ADDON_V3.md,4957,50de8adf00ddb902fc02e23311c2f0627bcefecc27f05c216a4f34075a46a6ef
docs/HARDFIX_MAINONLY_LOGO_PANEL_V2_2026-05-25.md,99,b678328ae8f6c8e45511c12e044ee1533d14476edd182f49ed645f2bb1d1d579
docs/IPHONE_AUDIO_STABILITY_GUARD_V2_2026-05-30.md,192,6d864e5a93abeeb33dd87ef5b248b320355b30e749b604694e3fb571d94d27e4
docs/IPHONE_PC_PARITY_V1_2026-05-30.md,150,87fc811a80094c7ea02e05af7efffdad1f1ccc763820e8eebb4243be2f17c50e
docs/MAIN_BACKUP_HEADER_PANEL_FIX_V1_2026-05-25.md,694,e15cb87f47dda0f91a126a27f966b40fb0839002c29632cd292df3f090549e96
docs/MASTER_AUDIT_REPAIR_PLAN_2026-06-16_RADIOBOTAI_HANDOFF.md,6711,345ad9bf8d1e653bcae8fe94e3568ea395640872425a551526c4069637c44bd2
docs/PC_AUDIO_STABILITY_HOTFIX_V1_2026-05-25.md,342,5a4d49dc6b6caa947a9eebae77771c3c07527650a11f9d3e7c58e1ed745be74d
docs/PC_UI_FINETUNE_V1_2026-05-28.md,103,b715abedd3ab4838103d5859d3bca1351e34fbd42548c85d1fd1c131032d71a8
docs/PHASE10_STABILITY_IPHONE_PANEL_HUD_REBUILD_2026-05-25.md,1675,3fca36396c4094b2640a0f8961eb9974fc66c9396a5828eab39aaffca44a5748
docs/PLAYER_CONTROL_CLEANUP_V2_2026-05-25.md,0,e3b0c44298fc1c149afbf4c8996fb92427ae41e4649b934ca495991b7852b855
docs/PLAYER_STAGE_V2_REPAIR_2026-06-25.md,1598,816abbf257404f3b1ed53d24a08a179e1ad26d8c2c7b73b9bd35a4da7acf0973
docs/README_GOVEE_FX_SCENE_SYNC_ADDON.md,710,799cbccaa3e31c57e9c62b515028a732a70124ad4d617ab0fde9ac0ebbed22a6
docs/RENDERER_RESOURCE_INTEGRATED_2026-05-24.md,436,edc5be90a8e910c5846aa71a3e537ee8396046bf9f3a82d7725b295675ab463f
docs/REPAIR_CHANGELOG_FULLVERSION_v1_0_1_2026-06-25.md,2418,2d0f14b91cf8b1603ad22c566cd281dcaf4e4cc1bfb54c85eeff5e95d9f4d14b
docs/REPAIR_STATUS_MATRIX_v1_0_1.json,12541,c1a672a2f33655ad87591dc17497acaf2f7f6e00ce96229c453fb9b04cb18818
docs/REPAIR_STATUS_MATRIX_v1_0_1.md,4958,78ad2d4abab2f88b71f452e4e93e2da2b2fcb61084106e10d415f5ded7f789e5
docs/REPORT_DISCORD_WEBHOOK_HTML_PLAYER_ADDON_V3.txt,1168,acc517d66f0153149302b1f9e94b2e77ea7dd498de51bae025f28dc391a0faa0
docs/REPORT_v100_SAFE_CLEANUP_PC_WIDTH_TICKER_COPYRIGHT.md,485,15ec359a0f4ad388a4b8438e1114b02893701bc0a475e6d4db0fb94ee48eef2c
docs/REPORT_v101_SAFE_CLEANUP_LAYER_AUDIT.txt,1157,db3a2653e679036220d6064797f268cbfb75f136278e875abf50c9d1ba96fcc2
docs/REPORT_v102_CANONICAL_TICKER_REPAIR.md,547,c268b32b80305adbd65cccda20ae5285b30dd2827d51aad9c260c51ae68a0b54
docs/REPORT_v103_AUDIO_SELFHEAL_MINIMAL.md,869,42f057560acd19cc699ef0f5881b7939d94d38243fe4a1fb84b23f37069479f7
docs/REPORT_v105_TICKER_REFERENCE_MERGE_REPAIR.md,1091,53af530f8442e8ff4ae8ac44fa2d21edbcee5e369e5a0a9a520d1147b84ee25e
docs/REPORT_v106_MOBILE_TICKER_ONLY_REPAIR.txt,1061,bf0d8711b974520e72ab381cc26e60b08b2fc6e53da6c1dfc5314563f7de7548
docs/REPORT_v107_HARD_USER_STOP_GUARD.md,1034,eab76c8d466be7a1c18e90d474b0307ee0de07d21c7bb073625352c0246225b7
docs/REPORT_v108_ROLLBACK_FROM_V107_AUDIO_GUARD.txt,506,dfb0fa2a7999731acc049bba11bb5e5f9eaf738428f3b2ce9fced314009810e6
docs/REPORT_v109_PC_AUDIO_LOOP_AND_TICKER_LENGTH_FIX.md,713,0de5fecbe50b09952df56ceee97a1ab0c0e432be600a9b9fd5e9c0a16288e168
docs/REPORT_v110_PC_AUDIO_LOOP_REALFIX.md,1740,be299c4a5131078e5c3d4397e00e1378a3aeeca4bdb6c7f40d6e196b491df10f
docs/REPORT_v111_TRANSPORT_REFERENCE_FIX.txt,804,16b8db47ff6ce304c62e9c04171abfcb144cd10232ba0d1eac06474ad751c337
docs/REPORT_v112_MOBILE_TICKER_DJ_FIX.md,839,b90a1c2ee6288bb60e38a2116d75b35bf0b7140a8ec8c598ee51b1a833de3798
docs/REPORT_v113_TICKER_IDLE_PLAY_STATE.md,646,342cfa58f789ae7180352bf98554bcf24c91ae2aaaa2cac00716667dff7c8105
docs/REPORT_v114_INITIAL_TICKER_DJ_STATE.md,718,2d4edcc6b448c1c939d5ec50d50d0eff9ca4fd144feb8c1b11f7a8ee3fe50c39
docs/REPORT_v115_PC_BOTTOM_LEVELMETER_WIDTH.md,713,fc02ab1f62f1e025c88b5f904d272a9c4d5ca02e2e3cdd6515f9cd3a03fbb2dc
docs/REPORT_v117_PC_BOUNDS_VERSION_FIX.md,415,131519e9318c06541f2068e055a637ff82ed733eb9daa4601984b2486334a31e
docs/REPORT_v118_PC_LAYOUT_CLAMP_REPAIR.md,478,5405c06a93e9c7410ca7a53489c808f0e867e3e05d598a82d0d7d0f13557b8bd
docs/REPORT_v119_PC_FINAL_BOUNDS_FINE_REPAIR.txt,823,7261662c02469ef2426219dfa4cea95701ace3c997a9c19bc1760b2fa9ede14c
docs/REPORT_v120_META_COVER_STABILITY_MERGE.md,684,887865a721d870647affa16e67cb1864b0251bffe89ef2b7d430426c7017ff63
docs/REPORT_v121_METER_LED_STATE_FIX.md,539,02dac17587dfae69fa978a02b51bf1f859cb0feaab45b8608e72e0b980c77d85
docs/REPORT_v122_PC_BOTTOM_METER_FOOTER_INTEGRATION.md,489,2100a206692bd37d5b23d7c757c255d57beb33cd01644240c88211936ae1a2fe
docs/REPORT_v123_COMPACT_METER_FOOTER_TICKER_COLOR.md,587,b9888f7aa43a6eda3225307c2fabed8d223328788da05662cc7c7ee760f37658
docs/REPORT_v126_PC_BOTTOM_HUD_PROPORTION.md,322,aad7fa2c25298cc157930379d73ea16b22fea4525c29a6b203bf563501c19e6c
docs/REPORT_v127_PC_BOTTOM_METER_FOOTER_COLOR.md,428,8ac0bd6aaa641285548a50f203ac7f882a8c236178e4761a9c509069788f31d6
docs/REPORT_v128_PC_SIDE_ADDON_FX_PANEL.md,891,2f0c61205bf1c8d67aad8acd76c16e879f03c94dc5ba334f383314950af15566
docs/REPORT_v129_PC_ADDON_POSITION_REACTIVITY.md,422,6f7d7009e22a91e15ed94143f774ecb64457eac6ac4542af54059dbe5dbd0899
docs/REPORT_v130_PC_SIDE_ADDON_WIDE_REACTIVE.md,460,a24e9e662196515d1b87000f2df21433a032d0ba0fe9f780c5f8781112b3cad4
docs/REPORT_v131_PC_SIDE_ADDON_TOWER_REBUILD.md,999,0baaf08b27c24ca0badfe74ab691176da30d23c27af8c5e3882d6ebf92a04faf
docs/REPORT_v132_PC_SIDE_ADDON_WIDTH_CENTER.md,546,293b86abf54913849cb40fc063f0ca899f4ab2fc2a158cebf3d15003b9447068
docs/REPORT_v134_PC_SIDE_ADDON_WIDTH_TUNE_REAL_REBUILD.md,424,1755cb9fbc1ca9ac051ede1e992c4b4f874c80470fcda43b4a8424777fd92b64
docs/REPORT_v138_PC_SIDE_ADDON_SYNC_REACTIVITY.md,805,ff912d20c1968ff493287fe8e410ba396d965c1b50db223eecf3e7220cc81512
docs/REPORT_v139_PC_SIDE_ADDON_SOURCE_SYNC.md,506,2c43d7b50be026a852b2645e011a7034c25710f9911eecc9019211efe713fc51
docs/REPORT_v140_PC_SIDE_ADDON_ROOT_REACTIVITY.txt,560,6c5006cd0fd5dc3cf56953a59a15db0074aa3f5ae407c37f2ba1f64747ca164d
docs/REPORT_v141_PC_AUDIO_REACTOR_BOOST.md,629,acebfb539a06470efaf9d353c0bdbacb71cb065d8554acbeb27aa5212da965ae
docs/REPORT_v142_PC_SPECTRUM_GRID_ACTIVE.md,546,e7b606ce9bad158f955429e6152be59ee19de8f2191c94fd79055aadba926bb0
docs/REPORT_v143_PC_AUDIO_REACTOR_ROOT_SIGNAL_FIX.txt,851,0759dea8ad3eea007bd330245bcaffda41fc45919ae6ca6e5a5a5b778a3a6793
docs/REPORT_v144_PC_SPECTRUM_GRID_SMOOTH_RADAR.md,861,b184111078964ba3af25e21ee5154a25175d25a6e05d7bffbdd92ae3e3ba2854
docs/REPORT_v145_PC_VU_MATRIX_ROOT_FIX.md,675,67b72ea03eb87a4cef0f51cce196ea1a3576b03c134bd39c9f14f27cd4ed0495
docs/REPORT_v146_PC_VU_MATRIX_CACHEBUST_FIX.md,608,82462555cef4a6be2a440e1072a4476b868d881f04156e1fa490e2774252fa7d
docs/REPORT_v147_PC_PHASE_SCOPE_SIGNAL_REAL_REBUILD.md,638,2a2efa92d2ff132b88b05a94036c9f6fe41bc13891fbae995c60489676e1ac76
docs/REPORT_v148_PLAYER_BROADCAST_ALERT.md,541,d747016a9774629019e0234c0fbb82a905c3765ae084bdfa2b436cd4daa5bfbd
docs/REPORT_v149_PLAYER_BROADCAST_INLINE_FIX.md,416,9043b274204706b2978389afa44621a6a7d87c732e89aea070b44f7dd12d5bbb
docs/REPORT_v150_PLAYER_ALERT_CACHEBUS_FIX.txt,775,4ff0c4a1be620edc011542f431580dfd51a29e5da53f7e61f0932a342cd1d798
docs/REPORT_v151_ALERT_ROLLBACK_STABLE.md,578,02f2bbce52d3b00fee73acd2e6178e3cf455e44d5b2bc1437c73a32ab5c5d414
docs/REPORT_v155_PC_10BAND_EQ_LOWER_REFLOW.md,730,c56535ed240044e3bfce8bd8fc4be8f56a2ddfd0065c681b9df0d2e5123b1f46
docs/REPORT_v156_PC_DUAL_EQ_BOTTOM_LAYOUT_REAL_REBUILD.json,703,91420adf6cec001f18fa328dc7e6481ca63e24b65f8b28fe4ce4cc4038dceca7
docs/REPORT_v158_PC_TICKER_EQ_WIDTH_INNER_DOT_FIX.md,456,b8b953c5265c8fa1cb710cf3865c8d5eb82d920dd1959405337891c3e8e024df
docs/REPORT_v159_MOBILE_BOOST_TOPBAR_FIX.txt,542,6818c98b01270430705c27b5aff66ed0d8cacc0dfb5b82a02d5b89699ab6e7fe
docs/REPORT_v160_iPHONE_SEND_BOOST_ROOT_FIX.txt,1018,b3ef86f3a086a5a84a963f4c1c3958135c5b49ec51d0e82fb881f8d90cd7034c
docs/REPORT_v163_BROADCAST_FEEDBACK_ATMOSPHERE_EQCOMPACT.txt,1364,378689bf29320aa82d42d603169fbc5b39c747f137fa7102fafa8a6450cc0225
docs/REPORT_v176_AUDIO_CORE_START.md,1042,bb27a80ac63c64efd3e695011406f6f0645620feb0a9b9493776e03f2476f9f4
docs/REPORT_v47_USER_ASSET_INTEGRATION_FINAL.txt,1719,eb137597fd8be4cec1fa68e42225963d79c86ee12989d256afe93f67b3d7baef
docs/REPORT_v48_MOBILE_VISUALIZER_PC_DYNAMICS_PORT.txt,1362,47349edeb08e071b9ab81579e5fe19ae952d179b0b652b5e5f6640de3d0a0cec
docs/REPORT_v50_CLEAN_REPO_ONLY_ASSET_ROUTE_FIX.txt,1460,81f17c3e3d5592d2c24017b149ce4fce733ea82fba985067fec3079b33fb490e
docs/REPORT_v51_DESKTOP_MATCH_MOBILE_KEEP_PC_SIDE_METERS.txt,1096,2d0916227ea295864ae5bf7c62ad057042ebdfd6a52bf20e0352fc02a8cd494e
docs/REPORT_v52_PC_PANEL_LED_NOWPLAYING_LAYOUT_FIX.txt,1202,34342aa3c46ff3b8960aa25c6d6e2a9f9e5acf5b7d1b1c983e0024b36abb3f75
docs/REPORT_v53_PC_BOTTOM_MOBILE_LEVELMETER_ADDON.txt,1268,eab030e26ed341d20e3366384537552b0adc15447b08f8c71bb4e53600d9007d
docs/REPORT_v54_PC_VERSION_BADGE_BOTTOM_RIGHT.txt,1058,74396a38e61f891da75fedbdb646c27427a0b80c290ec3ed4ad73a29ff4c52bb
docs/REPORT_v55_PC_CONSOLIDATED_LAYOUT_DYNAMICS_FIX.txt,1884,cbe69b361eed0c3b8a477973e3b0c62b86be4acb81fcefc1d2cb7a4631d7cb94
docs/REPORT_v56_DIRECT_REPAIR_PANELS_HISTORY_BOTTOMMETER.txt,1581,1fbe3c9e18413d6c4be9279ad41c210364a66424a8fcda1591bd7495a07a3dfa
docs/REPORT_v57_DESKTOP_LAYER_PURGE_CANONICAL.txt,1342,9cdc3c05b81f5cedec275a476f3b8f271cc73e2354da081e14619c86d6101586
docs/REPORT_v58_NOWPLAYING_DUPLICATE_TICKER_PURGE.txt,1259,69a7e20f0698b3ea3015ba00db7c495a9ed4566f232364b97acd03695981d256
docs/REPORT_v59_PC_LED_STATE_LOGIC_FIX_REPAIRED.txt,2012,285c67d8b64c18f0e19f0ef672be8b441b02820eeae8808db924d3de6bd0dcb9
docs/REPORT_v60_PC_COLLECTED_PATCH_MB_COVER_VERSION_META.txt,1831,232e343ca09f1dd1ef191102595f101caf5848f85f4580be968486306c19e7e6
docs/REPORT_v61_PC_META_COVER_STOP_LED_FIX.txt,1921,9bb66c337ef1b85635cbca112ed28388c5c7c0852f7af4be11bd61ce572562ae
docs/REPORT_v62_PC_HEADER_LOGO_LAYOUT_COLLECTED.txt,1744,146b998df28de26b51d9632a81497d701dd60dbbfe8f1adc9dea0932d6d3d219
docs/REPORT_v63_PC_HEADER_LOGO_GAP_FIX.txt,1138,b2e6fd5e01beb0c2d7dda7425dfa43a03bf673f4e8f5e583ebe3ee8569d093e4
docs/REPORT_v64_PC_PANEL_WIDTH_AUDIO_LOGO_EQ_BOOST.txt,1296,17c8d83fb5fbd4021e34b0d2d286e0949f9eec76615782f39453fee646373d04
docs/REPORT_v65_PC_CSS_LAYER_CLEANUP_TICKER_CENTER_FIX.txt,1470,b1066e71c49c01750ce21d8ade6b829bc398199696d2cb0f3ec74c6122a59a20
docs/REPORT_v66_CSS_CLEANUP_THE_DARK_DANCER_ROUTE.txt,2052,72ff3df22bdd636415805aa491c21848e4267e972d4580ceb93c2c4ba9eda89a
docs/REPORT_v67_THE_DARK_DANCER_ROUTE_PRIORITY_FIX.txt,1589,62ff3c68cbe0b6bdb0ad93cf576b1229912354f3d17faaa62e45bf414063f7e7
docs/REPORT_v68_PC_LAYOUT_BUTTONS_TICKER_LOGO_FINAL.txt,2400,eaef185735bb9d4a5d23edaa8566cb771235243eabb0ce8ef40d1b667260a322
docs/REPORT_v69_MOBILE_HISTORY_OVERLAY_SOURCE_RESTORE.txt,1430,55ebc9b6af8bacdb60580cd9e1c86c6e510224c046889899f2f2e568219fb572
docs/REPORT_v70_BG_AUDIO_TICKER_MOBILE_DJ_FIX.txt,1428,a4bf5069669ed7b4a5b4d03f90ff964f7027d8c66080778f31edb5e3495e2492
docs/REPORT_v71_PC_BACKGROUND_TICKER_PANEL_METER_VERSION_FIX.txt,1525,422559840aac9c5c9bd4b2e3bb1654271aadb2f31a895f7be8db8d8e62417fdc
docs/REPORT_v72_BOTTOM_METER_PANEL_TICKER_COVER_FIX.txt,1521,12fadbebce0646743875557195047f59f1d19e5824a322a70ffb47baa014507a
docs/REPORT_v73_BOOST_TICKER_HISTORY_HEADER_CLEAN_FIX.txt,1808,6d45c5b3476fc22035e09c4cb319e79322a23555f19af0d15bf03b0df38c6e9f
docs/REPORT_v74_PC_IPHONE_SYSTEMPANEL_ALIGNMENT.txt,2137,c94dc5baf2193bad5c3a2af3138794087d4d4c3056661597091267ed0ea70c5d
docs/REPORT_v75_LAYER_CLEAN_AUDIO_META_SELFHEAL.txt,2113,a875dade5630767a5cf69be33958ff29a3e71b60dd1383557b94d71da400fb07
docs/REPORT_v76_HARD_PURGE_PC_BOOST_FIX.txt,2612,8a984899f9d2fbfcd6c1a6620b40fc750fe063bf106a912e8af70bd803d299e5
docs/REPORT_v77_PC_BOOST_META_GLOW_TICKER_FIX.txt,2390,3c72855d96fc67eae5aca35a269cbb226cc332b9919382f1edfdb55567ce0be6
docs/REPORT_v78_HISTORY_TICKER_MODAL_BOOST_UI_FIX.txt,1701,de5bd252ccd4dd7d77968195d631f20caf4766e3c6eb718e098964bd531f4f1f
docs/REPORT_v79_CENTRAL_AUDIO_EXISTING_TICKER_FONT_LED.txt,2624,613b368a53c19b5357c2b82359cfd5b04c02a1c1f3598a1244dcc94f80163780
docs/REPORT_v79_PC_HISTORY_GLOW_BOOST_TICKER_REBUILD.txt,1964,29fc2b0cc26516590de169e8261b57df7efe670a69ef2ce79b1d3e97dbf33e40
docs/REPORT_v80_DUAL_PLAYER_PARITY_MOBILE_HARD_FIX.txt,2576,22ea5b27c2289d3b81289808850a7bcf18a2a7a4782712489d791e8a8eabd2df
docs/REPORT_v80_STREAM_STABILITY_MB_LED_REPAIR.txt,1845,e51c25a1dc9a71947417838ff96f38c49b4d5f55d4c2d9e28ed06353f6bd6829
docs/REPORT_v81_PC_LAYOUT_TICKER_METER_REPAIR.txt,2038,f5754671b578251012d4a8551a72c8cbf8d50a8e3d685591e7fddf2740e5f51f
docs/REPORT_v82_RESTORE_IPHONE_PC_ONLY_ISOLATION.txt,1602,8f9cb118ee786704e677e714f2133f846eb607ed9b0ce2101cddfbac2e760760
docs/REPORT_v83_DISCORD_EMBED_PC_IPHONE_INTEGRATION.txt,2244,c5bcacd7929834bf8c32866745bd8a16b4c2792d05d26923cb0a3db55ff3bb97
docs/REPORT_v84_DNS_SAFE_STREAM_WORKER_PATCH.txt,1437,71c1cf05b152529f397971b0ce2904d4e0a9d04d68febcf41df4c9b890001600
docs/REPORT_v85_DISCORD_WEBHOOK_ADDON_FULL_INTEGRATION.txt,1418,e1178f9e9b9b62f40d6fd486aa51b072b8f560e8e796f657420ac46596530c1c
docs/REPORT_v86_DISCORD_GATE_ACCESS_FULL.txt,1506,a9328c68575b3c0c621adc6eb4d3de6ac7a2408ef793c0a9d208fbceb4d4e36a
docs/REPORT_v88_DISCORD_CLICK_BRIDGE_REPAIR.md,821,299a56986cb24931220f2c052344849595c7b3f9a59e65dbb7fac693228b647f
docs/REPORT_v89_DISCORD_MOBILE_OVERLAY_VISIBILITY_REPAIR.md,907,239d417e313802a1f61b9d607fdae549bf7b77f2d54c2e51ca1b818401cec42f
docs/REPORT_v90_DISCORD_IPHONE_BODY_HIDE_WHITELIST_REPAIR.md,906,30426cae9d4b41a73434b209e0b37aa470374d2f6fc3510e23043be87d80c8e1
docs/REPORT_v92_DISCORD_BROADCAST_EMBED_REWORK.md,1659,86ef5887d9771454867d983145ac1931f8f8fa64bc23c8cee975b4084f4079a8
docs/REPORT_v97_SAFE_LAYOUT_SHAPE_FIX.md,957,3f0d29069de1774198e6d5bb4d50f4c4c403b190a76c9e8838e799beaf3734df
docs/REPORT_v98_SAFE_ROLLBACK_LAYOUT_GUARD.md,349,cd25b647de114cfb22f69495acd4b656a9e06a9a4bc71e738f19dd2ebb093e85
docs/ROUTE_LIVE_DEBUG_HARDENING_V1_2026-05-25.md,187,dbcfa39f70eebb33086c601364b98b319a9612af85a81eb0f7dd2248a59e71e3
docs/SIDE_METER_REACTIVITY_V1_2026-05-30.md,222,4ef4816c8c5c3d032bfded1b619669d252947cd87a80f4d115cb1fe4cbced2a1
docs/SOUND_CONTROL_OVERLAY_V1_2026-05-25.md,787,7391bb828b8f4964c575b24f533565231003ab74eba5c8e63bc6a8c8a842ec04
docs/SUNO_CHAOS_WORKERS_INTEGRATED_2026-05-24.md,304,551d5a6ccbfb7d93f349c84556947796fda43b1204dd35c868332dadbf46adbb
docs/TICKER_SHORTLOOP_FIX_V1_2026-05-25.md,474,5d09aa480c10b2b3bc5c1a1147a5ced72a9bdd1e061ce98a0560c1a6763c5606
docs/UI_FINETUNE_V1_2026-05-28.md,352,187307d45496f0dcf73ae7282e38b51b348738e9cea5ee293614b0165bcb1067
docs/V116_SAFE_LAYOUT_BOUNDS_FIX.md,465,d0b4c17ab6cc491e5c669113abec9680be0728872d847654ffedd7c9b8bf30b1
docs/V164_RESCUE_CLEAN_SEND_METER_EQ_REPORT.md,882,87dee7000c59e8bd4e825db904e5fc902599be07d9ca4ebef2ff2b18a04e6a11
docs/V177_VERSION_CORE_REPORT.md,631,cef9852d441a7899d89d722c3cee43160711ed9aebac1a4a1c38e4f551908314
docs/V178_OVERLAY_CORE_REPORT.md,690,18b8a7eec947da900914b15334b35f4892c3550d726b5ab8674513b1ceadca9a
docs/V181_MOBILE_VISIBLE_ROOTFIX_REPORT.md,674,f4396b5ad3d606986a1b82d8966d9be0ea9520e7be3b23c3387385b0a263895c
docs/V182_MOBILE_DIRECT_DOM_AUDIT.md,1159,21d423ae350eaba5c6e99c6ca24beed53a2214a8c425cefe9284fd9d55e6ccbd
docs/V183_EMERGENCY_CLICK_UNBLOCK_REPORT.md,539,3efd07cbbcd882b55f03e38de5ca857ed1b13fb927d812b49d6c6f5622af87e5
docs/V184_IPHONE_TICKER_METER_LASER_AUDIT.md,781,5de4f4368d6850e1c68e6740ee5590fe80ec8c2f0f8eb6eb4321818d73f29acc
docs/V186_WORKER_BACKEND_ROUTE_FIX.md,461,e18da1531cbcbd1b97aa8e8baa75fc610391521d2f9b3ca2e37d95f8a7e764c7
docs/V190_MOBILE_GRAPHIC_EQ_OVERLAY.md,313,e291723c99a6396a3e84a0e869ad35b63df875a1af93a61127257745c289f0a8
docs/V87_DISCORD_GATE_REPAIR_REPORT.md,930,b39c7548b6f31794510d8289d70dc745c6bf7b2fec36eb24c7dac8979198b45e
docs/V93_DISCORD_MANUAL_BROADCAST_AUTO_NOWPLAYING_REPORT.md,945,ad007d0495d297865bceb045bd2a63dd05085a973f15da992a31e448f76e32fa
docs/V94_DISCORD_DJ_FALLBACK_666DJ_REPORT.md,599,9c35540ef003509346838f7c335e1f2226e35ede471805f0d6224f041fe3eadc
docs/V95_PLAYER_HISTORY_BUTTON_STATE_REPAIR_REPORT.md,1375,2f837642d5183d49553a690bbc5705ca8b51ad81586b8d90e30319987da734c4
docs/V96_SAFE_RESYNC_REAL_REPAIR_REPORT.md,860,88d46e9fd7fba19025d8f9b3fcef1d78d03750bab627744ea0d5bdb27ae5a1da
docs/V99_CIRCULAR_MORPH_EQ_REPORT.md,530,2556539efe309698650abc2986226621323ea9dc771aa40f5bd3bccca185723b
docs/assets__addons__discord-embed-v1__docs__HANDOFF_DISCORD_EMBED_PLAYER_V1.md,6545,0e64f5f14d41f3daf8d4cdcffbae9afeb89da615f4a4128bb321aaeb8811a880
docs/assets__addons__discord-embed-v1__worker-addons__WORKER_INTEGRATION_SNIPPET.txt,914,b06a4369a4b71a0b4a70d219c0567a4701e2cb7f1e07271d23569e1f1d59fe82
docs/handoffs/2026-06-15-radiobotai/1-666SOUNDsDESIGn_WEBRADIO_RADIOBOTAI_MASTER_HANDOFF_v1_0_1_RADIO_URLS/.env.example,7530,750e7c376f71d9c831eacb606423f48836dc41fe770adccc0cf8d7e72068256c
docs/handoffs/2026-06-15-radiobotai/1-666SOUNDsDESIGn_WEBRADIO_RADIOBOTAI_MASTER_HANDOFF_v1_0_1_RADIO_URLS/MASTER_HANDOFF.md,25208,ee136fbc40cc3de47caf95e1ad18f8d6bee5f2e2364c657ae95a55ee6bb906c2
docs/handoffs/2026-06-15-radiobotai/1-666SOUNDsDESIGn_WEBRADIO_RADIOBOTAI_MASTER_HANDOFF_v1_0_1_RADIO_URLS/README.txt,888,6e569602e4aebb4b69505c57fe9b5c3ef314e1ddc64e6784d055406f4166c39b
docs/handoffs/2026-06-15-radiobotai/2-WebRadio-Funktionen.md,29723,294036c60aff37c5d488d383ebd6e353802e55ea2e23e8ad610cddfb58339331
docs/handoffs/2026-06-15-radiobotai/3-666SOUNDsDESIGn-Detaillierte-Sy.extracted.txt,111021,e8c14aeddfa5aa27d3003a5b4279b1bab40b82530f7be7576f30db0c132268bd
docs/handoffs/2026-06-15-radiobotai/3-666SOUNDsDESIGn-Detaillierte-Sy.pdf,1696281,c927655d8038ac569d14c42c0d0ebe170ddd41356b68e8a2bb98b6b027f6570a
docs/handoffs/2026-06-15-radiobotai/4-WebRadio-Handoff.md,28448,0df3fc2a1b6b300d2d409fdc88862eb976ebde151a73b7d392389e8f9802a785
docs/handoffs/2026-06-15-radiobotai/5-WebRadio-Handoff-Optik.md,31543,c566bd862d533200290dcbfdaee932bda9a75a01f672548642d74b557880048f
docs/handoffs/2026-06-15-radiobotai/zip-extracted/.env.example,7530,750e7c376f71d9c831eacb606423f48836dc41fe770adccc0cf8d7e72068256c
docs/handoffs/2026-06-15-radiobotai/zip-extracted/MASTER_HANDOFF.md,25208,ee136fbc40cc3de47caf95e1ad18f8d6bee5f2e2364c657ae95a55ee6bb906c2
docs/handoffs/2026-06-15-radiobotai/zip-extracted/README.txt,888,6e569602e4aebb4b69505c57fe9b5c3ef314e1ddc64e6784d055406f4166c39b
docs/manual-player-card.json,445,c4129a22e37ee75f89c234ba5311ba176eca569577739e086cd386bd08dcecf2
docs/nowplaying-track-change.json,335,444028462272d6891f774202fbc293dfae30fdb5dc2dfb3f98c1fcadbc56040a
docs/release-v1.2.1/AMARIS_PLAYER_HANDOFF_v1_2_1.md,1378,f90ac9e8659759193bb8985a38a5ad80183409100aea0666bfe84d842495828b
docs/release-v1.2.1/COMPARISON_AUDIT_REPAIR_REPORT_v1_2_1.md,5240,8c54da711a5729d4bd4e13266f4214254c8594e43adab4ca6d41f079787505ef
docs/release-v1.2.1/SOURCE_COMPARISON_AND_VALIDATION.json,13131,9aeafa1947ab22086f8962f0fb1dcbe99db4cc6e4c9b5684c7fecfb84440d640
docs/release-v1.2.1/TEST_RESULTS_v1_2_1.md,486,cbf7e232f32c6a1611afc7a7ea47b5c0eb31a5e9bfb6744e64f086ec5775ac3f
docs/release-v1.2.1/VERIFY_OUTPUT.txt,7564,764a8f091d3311d9a5d41db7ed1f4807cd3391cd96caeada15c844edd874201e
docs/release-v1.2.2/AMARIS_COMPLETE_ANALYSIS_AUDIT_v1_2_2.md,10516,ff80393102b577b3e8dd898fae45a90803b3887f11f20dfba0d517285e993fa8
docs/release-v1.2.2/AMARIS_ROUTE_IOS_LYVRA_DJ_REPAIR_v1_2_2.md,1120,97ae75b6cedf054b2b222960c38cf5890fdc2889f3ef79408ce8519c7d0c07ff
docs/release-v1.2.2/CHANGELOG_v1_2_2.md,961,6cf7766e74e221c4ee8f98b1af84a922df07636a2ee3b997ca50296f7d4369bb
docs/release-v1.2.2/SOURCE_COMPARISON_AND_VALIDATION.json,2147,e40a860a5fc9f6579cacbd2313381d6cf7d4ae0d10cf899c7857ddf3aa03546d
docs/release-v1.2.2/VERIFY_OUTPUT.txt,7986,73fd7a66a4aace02e8544b1221eaef24b666aa186041be1e013c21799f8705d9
external-workers/666-chaos-ai-track-system/.dev.vars.example,304,3494e49f1de951b30429f352fcf7ee9caf1f6dab457511bd67c8bcb04f4471f6
external-workers/666-chaos-ai-track-system/data/chaos-master-system.json,537,a7d1cc6679b3548b99332f79e221916486db8d6dfeb56b3fa6366c37c85feb1b
external-workers/666-chaos-ai-track-system/data/suno-limits.json,82,65f9782cd6d35df3e3ada9561c0e41585cd638f607d1ff6eaa1d87e20f843a94
external-workers/666-chaos-ai-track-system/docs/README.md,566,9b847d7044139c1de953b27dc4493c89f1b73a6816572de26ac461ed33a01289
external-workers/666-chaos-ai-track-system/docs/SECURITY.md,79,0521940d7d385760bbe7a3cbad960002e846c57b0a0b16a1e1fb0c969cf928dd
external-workers/666-chaos-ai-track-system/package-manifest.json,674,906116fda45d22fab65e83843813322337aa8572dba541ee2b09844897ef1819
external-workers/666-chaos-ai-track-system/src/ai-client.js,1437,5e944b89391efc8756558988262c58dfa4ad7afec4fb9ddca74dd9cd452872a0
external-workers/666-chaos-ai-track-system/src/auth.js,1718,1a9f7b15a62a6be3340586e917e2fc7fc7b382e3d1f5b86dc5767d3aac144840
external-workers/666-chaos-ai-track-system/src/prompt-compiler.js,1979,399204995a7f83b6fd6f5a6fb9430a7fe2122a89e6e23e86e39d750ccdfb9bb9
external-workers/666-chaos-ai-track-system/src/responses.js,1515,12f506d840f96a6b1730011b409caf6670a10675b9c1577a09aa1773365ecb3d
external-workers/666-chaos-ai-track-system/src/validator.js,3536,58f8a24b3cfc032c0c1def06c4397969d0b400ff3b679c124c5f671f2e2e71e4
external-workers/666-chaos-ai-track-system/worker.js,4099,ea1f43fae451c667ab80d8d961495018f723d4098f1a61e33cf5df6a3634c1da
external-workers/666-chaos-ai-track-system/wrangler.jsonc,687,ed2d8b765fbc63549bd169e49e9ed2608deb0e0fa59cc222ef06fb958cc9cc76
external-workers/666-suno-system/.dev.vars.example,470,41372c5f6d7c93a0515ec6c94785f219f6b2499e23d91fb0df14167ddf28953d
external-workers/666-suno-system/docs/README.md,689,923b2aea44fc2726a007afdb21d52dd72797bdc6b2b04c7631a3305169c0672e
external-workers/666-suno-system/docs/SECURITY.md,79,0521940d7d385760bbe7a3cbad960002e846c57b0a0b16a1e1fb0c969cf928dd
external-workers/666-suno-system/package-manifest.json,711,91df560af5884c629a3a3c07cd637f124cb9e5c63db0ee17521e893ae88bbe3a
external-workers/666-suno-system/src/auth.js,1718,1a9f7b15a62a6be3340586e917e2fc7fc7b382e3d1f5b86dc5767d3aac144840
external-workers/666-suno-system/src/jobs.js,1022,f0153335ab2419be027b6a0b6cb4112cf1f6bb967aea763095b27315035c7203
external-workers/666-suno-system/src/responses.js,1515,12f506d840f96a6b1730011b409caf6670a10675b9c1577a09aa1773365ecb3d
external-workers/666-suno-system/src/suno-adapter.js,4555,f2dd99d14ee9b77f997c4feb2c2b34ad6945e28d15b4c65dc825f6e86713c676
external-workers/666-suno-system/src/validator.js,588,29e6086af86b1b66ec8f8441f859a66aaad20c95e1f4f7de4d8f10c069418d1b
external-workers/666-suno-system/worker.js,5495,ca0129743c280fa9ae8f8af9c60662161eacaedbbae47b65b54fedeb65b179cf
external-workers/666-suno-system/wrangler.jsonc,769,07d088a6d418bcc0fa02d8a0e38a3ab37bbd00664c7892ecaaf1e2a7d9c138e7
external-workers/666-system-auth-worker/.dev.vars.example,111,3215032fef42806c1b9629e79e18089e6b1b938b66a21b74f3af1c0ad77a05ca
external-workers/666-system-auth-worker/README.md,341,a6f92290ffbc28a773eaac7579cb93f0a2760cab18309fd3ce16de7d5207f822
external-workers/666-system-auth-worker/worker.js,5771,5330a80558c8ccc7cc2bab8aa24d8eb3de2ab403c3f0699372ff0eaf4b2d9cb8
external-workers/666-system-auth-worker/wrangler.jsonc,376,9ca59e51f1f3040d6cbbbacac8a673569511a455105548b4096b62020f4fc8d8
external-workers/666-system-pw-worker/.dev.vars.example,127,944152d85c515a6cdc6f2d25c7d785496ff6e4afaaf294fb8e282230dd10d126
external-workers/666-system-pw-worker/README.md,339,d367d47869002c640382acb59b6d35a2974f9d58a1965f6e3d2a17959643b87b
external-workers/666-system-pw-worker/worker.js,5041,7c623658acc7d31a8c8bf2aeed4cacb58d2742493e77e5913f261f45c3f673e5
external-workers/666-system-pw-worker/wrangler.jsonc,372,4375642d0b496e0d29f1a72d995bac7aba11927ef4f2f543a98c995dbaabc05e
index.html,128666,a9ee1316ef2ce918729d06b8c938b96902ad89ec145d1530b097730d9c28c8a0
js/addons/discord-embed-v83.js,3685,33e9a706168285bd6630b2ecb49b41f62d2cb95ddae8f56a9cefafa069f0a267
js/addons/discord-player-addon-v3.js,8895,a11bdaf6ec5a56ac86935cc6098125843a480a8631afc47c3dc2f8ad981a2ebc
js/addons/player-broadcast-alert-v148.js,12548,ff06b2231fe3dfca3720bae89445cba0e6e1c00d0ec78f56d4b9f6950f5fefa4
js/admin-auth-client.js,8442,6241bbf7978832e37a43bbf041cb7532fa2537a57c1be193dd2b8701fd2058ae
js/boost-core.js,3121,08849789d2cc124e0d9202ab2102978e80de1f03e10aee82cc05d0d6a0af9feb
js/broadcast-message-history.js,6710,caff63559e4c437a162a9af9eabcf1e041d16a8e6de23f424fd5dfe059214026
js/controls.js,555,62dbc7ff65acf44204c3e462b4f9e40080c06d72621383f4a7c925a5f7a8e018
js/equalizer.js,22194,46542d2c01198d56e2b1fe182ce5ad270cae35b5855daa4405c1847f7f85c0e6
js/extern.js,5498,5243e66c15a62fd80c18709d9762cf5fa17fd7881a17c92ec7183ad728c58da9
js/media-session-ios.js,10850,6d2c61ff7cafe14b79fc1f70a730018d53497b3dd2da65ae1651f472efc6bdc7
js/messenger-overlay.js,12985,cc3d95428e0eea59679266332b7e84d4e6cc86d89c31eba6abd0b95b40ff808d
js/overlay-core.js,4577,32169ab46d34e73596f2a0e7a60cc4c779b82d4b799d50d308bc39bf1d4316b5
js/phase10-stability-iphone-panel-hud.js,52040,76f12445f78d218646622d7c5e85ce42cec7466ffb5e3181f588b1ace53a296a
js/player-admin-overlay.js,20490,2a646a0f2f33cdc3ea360aa731fc75b1e6244f517ec3878081a0239de66fa631
js/player-alert-client.js,8466,4bcd9a996817a42d0dc86170c742f5c89a400337dd0508fad4a901d72e402608
js/player-core.js,64142,1baa831e70494f31bdbcc31db72158312d3ddfb7882d9acb4ad93dedae89f28c
js/player-stage-v2.js,17683,b4012232756ca59054cb8d5cecfb8c7f47bec3153f4582a636b7c2b76891fc6c
js/responsive-ui.js,2258,56df3071ff6187712f2aba59d664b6477eb82fdd42caec665ca3c4993e9b7f0c
js/shared-status.js,2239,70bcce1d719836614ff813d381a79eadf01f887b97d788b9287c899f4033f26b
js/skip-control.js,2277,336993d9c3c6e6ca21c47f9518cb6a4175ecb1062c2b9b6c795ada4300dbbea5
js/sound-control-overlay-v1.js,13605,5277f851f76bd6b5ddefb0a7705036b5a1d5a57d47530c8939a5a5537d0a9a86
js/system-extra/govee/govee-bridge-client.js,1075,f93ce5e1a03a7a184a5d710e2bb8964a58a51504ea402889379a823823170696
js/system-extra/govee/govee-fx-control-hooks.js,730,9bb35e9b8b79ec39a400addad79a6eac29a0a4d0a9db517ea533150fd2fb2a81
js/system-extra/govee/govee-scene-sync.js,2769,cd5b57ffb04838f2d8799a4695cc6708ce7b12161667e6a669fcaec9d54a062d
js/system-extra/govee/govee-sync-config.js,869,a16e635899e92232a2b20ce85df766a7425d7a62ea28a9e1310d002a99e792cf
js/version-core.js,1544,6aaade127e37f7e278f0bc128ca3b4f6b01e77a3027b65b002c0e8685845c13f
js/version-state-guard-v1.js,988,e7ee007476cd5c7e86d85c1c676336e34ec7310f50700d8990858212ece9820e
package-lock.json,286,72919780abe2f14365a00a120094bb2f48af6ac28b254f310af4b888378e4464
package-manifest.full-integration.json,2238,eb67867809d205364aaa5547662e32682b708260b7acae091cc9cc422b633dae
package.json,710,fb90e6788f4d8ef3947dc1a231a67211b1e0bfe7122b784cbe69e4ae2e133304
public/.assetsignore,84,528c73819c3f3b9bd3192af0e2f1a89a26306dbf0493cd3586427143d756ea7d
public/666SOUNDsDESIGn/The-Dark-Dancer.html,3741,c405be5894671b557c160a8213bb0d1d6ad3d06e029623c25612e8ac64327866
public/666SOUNDsDESIGn/the-dark-dancer-header-source.jpeg,214269,09434ad6c17b9ecb1d724086942d78e782af39c2a5e7ac46555fb40ecef8a93d
public/AMARIS/index.html,19126,5c1477dac8e8b0138d0bc4ead637e066666f2c8767505320c72266b5a7fdf90e
public/CHAOS_ENGINE/assets/css/chaos-engine.css,3249,d5099af7c3d23dd5e65d1a586cef8e71547fa16d4e040f60a9dd2f4b8f24fa5c
public/CHAOS_ENGINE/assets/css/chaos-suno-renderer-integration-v1.css,2071,20818029239e6195dbbc5486d8878b108b7d25e25f278730bbaa3c43fd6ef913
public/CHAOS_ENGINE/assets/css/fraggle-detlef-system.css,850,6aff8354b20fb3551ca295f6c032078a381fdf2e8b7624f89a98d7a91bbfa97f
public/CHAOS_ENGINE/assets/css/track-factory.css,1261,4e495fbaaa14d68cd9126bb3e2299d25997a6f8f026ac4822e7bbe84f9fc04e1
public/CHAOS_ENGINE/assets/data/api-providers.json,1143,69109c0cd59a307118a69b39bb8cc193cd1fc4723f0868f359d2d31a813d9e29
public/CHAOS_ENGINE/assets/data/fraggle-detlef-system-v2-1.json,33237,1411a171f1ded28e3ed63e71934834bae1245911671597adecc5585b43b51a23
public/CHAOS_ENGINE/assets/data/fraggle-detlef-system-v2-1.txt,31043,1478df66c04b33f16e89323ba00b8f8deba1dcb6411d6cf44f408e69b9e64694
public/CHAOS_ENGINE/assets/data/master-handoff-v3.md,17408,7e41d1e0afb7c85facb77385cf4dfba2bf848e30b4ae613b99d16380b349788c
public/CHAOS_ENGINE/assets/data/master-system-v3.json,20693,8af7cd0f7b8d02db26ec507b556896d19ed0dcae9c1aaf54df756db35c8239fa
public/CHAOS_ENGINE/assets/js/chaos-engine.js,12480,796107bdea3f20f68807c0c165934268a22497d15d62afafab7044e40c1fa5b1
public/CHAOS_ENGINE/assets/js/chaos-suno-renderer-integration-v1.js,11641,d925fc7b60e15e94548517338fb65c3cc4000b668b50a5a9b9f8abbe1b67e2ab
public/CHAOS_ENGINE/assets/js/fraggle-detlef-system.js,7726,3400621cf9968d1702832804264a226c34d66a95f0de79419feeb2a6b3ed8106
public/CHAOS_ENGINE/assets/js/track-factory.js,7541,9934670f5efc61e4c16c676f7f740777f286dffd5aacffae379e8a526b0d77fd
public/CHAOS_ENGINE/fraggle-detlef-system.html,6425,d6a2a893739bf9e3219b7396ee2724c049500785eaf43df326a991fa20c4906a
public/CHAOS_ENGINE/index.html,7690,49e35ac2093e97e81744aba44a5c9407cbca61d62ec6677b342a28ac2ea4b149
public/CHAOS_ENGINE/track-factory.html,7042,fec205aeeb1508b34a9d0ceff7eed43346c225f8054dd6525f930f0010fc94fa
public/amaris/index.html,19126,5c1477dac8e8b0138d0bc4ead637e066666f2c8767505320c72266b5a7fdf90e
public/assets/addons/discord-embed-v1/README.md,292,df02598e3a70cafb5b8440d64adf8d7db7a01d990a255969540634696c9d86b6
public/assets/addons/discord-embed-v1/Scriptable/Scripts/666SOUNDsDESIGn_DISCORD_PLAYER_CARD_iPHONE.js,5922,19b25fdf9f100f57dce690028905933d9adbf9da663d6f0ded58d12f16269ec0
public/assets/addons/discord-embed-v1/assets/discord/discord-preview.svg,1581,8b1c8567379e3699b964e4df0b5a2d1530407861d41e77579596c81bf670f147
public/assets/addons/discord-embed-v1/docs/HANDOFF_DISCORD_EMBED_PLAYER_V1.md,6545,0e64f5f14d41f3daf8d4cdcffbae9afeb89da615f4a4128bb321aaeb8811a880
public/assets/addons/discord-embed-v1/examples/discord-player-card-direct-payload.json,928,cf0bcdf6b4ff08dae76b81cb8a162e9d754ba883eae49fe3e2f4c5e8fba951f2
public/assets/addons/discord-embed-v1/tools/pc/SEND_DISCORD_PLAYER_CARD_PC.bat,429,8c63c6e6ef83190b29010ae7c4b33f74347c8467ddf5b0c0c8c2f9f653272e91
public/assets/addons/discord-embed-v1/tools/pc/send-discord-player-card.ps1,1752,0c12c8a88c7b82ae63a59ee8241b7196cb336f4f3a61e7a92f1d4f960742e5d8
public/assets/addons/discord-embed-v1/worker-addons/WORKER_INTEGRATION_SNIPPET.txt,914,b06a4369a4b71a0b4a70d219c0567a4701e2cb7f1e07271d23569e1f1d59fe82
public/assets/addons/discord-embed-v1/worker-addons/discord-embed-addon.js,5427,0d56aeda39cfdb106f43efcfc969bbf8da66ce898c8ade798d1244284e6f9aef
public/assets/discord/discord-preview.svg,1661,a28ee37b66055532ca3af046652a25a0476e49326825367a2d29ee3adf3bf76b
public/assets/hud-logo/666-cyber-hud-logo.css,10938,c9c9cf2f0ebb4a32ad7b7a7bb1fb8f473f27175aa8f3b3cbb15e057292f471f5
public/assets/hud-logo/666-cyber-hud-logo.js,795,a0aaeb414d28faed19c82f7d674909e91b16e307f0dec607cbbdbf00a29efbdc
public/assets/hud-logo/img/666-skull-core-transparent.png,401393,fbc53389905bad2c8767517966a01461d666f16cec9bb5f9d71ead6385c5f011
public/assets/hud-logo/img/666-source-logo-transparent.png,734206,d7d7c73842a2f166b730f32f60f9fc8d84e8d73fdba3ba791060743a62fdb63c
public/assets/hud-logo/img/fallback-logo-static-transparent.png,339654,569ce339714843c4150900ccec5e51fe36de5fd35652563b39cbd51ba18d4825
public/assets/icons/android-chrome-192x192.png,72293,0bf5a281dbd55fbcf831e94077bd66ec814a9fbe83bb25b259ded27065d645d9
public/assets/icons/android-chrome-512x512.png,431241,d22198235d9a18989fb1e1b4973ccaf89ffe2d733b01cd66f7d411f492221fd7
public/assets/icons/apple-touch-icon.png,64320,13c1a5637b7b719a7bd73a3645e050c5ed3bb7a31105d88b6725a439d249a8ba
public/assets/icons/favicon-16x16.png,1648,64165678532f8ee796b9e0f5c4489dd35d0bf206b98a3bac9fc577349bfdc418
public/assets/icons/favicon-32x32.png,3332,3e9ac262476ebc92aefdc6cb7787669af2ce9e4d90720deb36dcd052233864a3
public/assets/icons/favicon.ico,3332,3e9ac262476ebc92aefdc6cb7787669af2ce9e4d90720deb36dcd052233864a3
public/assets/icons/icon-1024x1024.png,1508011,b9a92e87f9f7a55075e2651d83e10b6c6d011a148265e4c536f2d2dd1f85a80c
public/assets/icons/icon-128x128.png,34489,e8bd050a81b9c00ca594705eef1279bbc3b147da1a934f4ef75df82baaeedc0c
public/assets/icons/icon-16x16.png,1648,64165678532f8ee796b9e0f5c4489dd35d0bf206b98a3bac9fc577349bfdc418
public/assets/icons/icon-180x180.png,64320,13c1a5637b7b719a7bd73a3645e050c5ed3bb7a31105d88b6725a439d249a8ba
public/assets/icons/icon-192x192.png,72293,0bf5a281dbd55fbcf831e94077bd66ec814a9fbe83bb25b259ded27065d645d9
public/assets/icons/icon-256x256.png,122100,f7db32c44fb0a6c7f8ed040d305dcc53eef1f87d7c8bae77067cea6d94f9ff5d
public/assets/icons/icon-32x32.png,3332,3e9ac262476ebc92aefdc6cb7787669af2ce9e4d90720deb36dcd052233864a3
public/assets/icons/icon-384x384.png,255325,1862a79f35aacd8e3ed9cd4e997a10af2ee3d2c3cf3e13a401478636db1e6ed4
public/assets/icons/icon-48x48.png,6231,9a8355b99faa447f5e99fc70fbd54273bf152d74126cb328c72af58d70aa89b1
public/assets/icons/icon-512x512.png,431241,d22198235d9a18989fb1e1b4973ccaf89ffe2d733b01cd66f7d411f492221fd7
public/assets/icons/icon-64x64.png,10238,a35e09cb1d32763aaddeabe305b7459dec4a4ac2dd6bd168c1b4aa062664ab0d
public/assets/icons/icon-96x96.png,20728,cf285fe7b699030b95d91e830298e7f68cee637342a8d778f6add83f4c74034b
public/assets/icons/internal-icon.png,431241,d22198235d9a18989fb1e1b4973ccaf89ffe2d733b01cd66f7d411f492221fd7
public/assets/images/cyberpunk-bg.png,2072168,40163450813fc2401aba3dd19dfa5bd8b39cab907e433f8902fbc11065d90eea
public/assets/images/fallback-cover.png,5175793,a61c54b1d2150ac2be75eda21bae81a25ac6513094468dd9656c39d931896bee
public/assets/images/frame-v7-clean-desktop.jpeg,189522,e5abf1a3a86720ac5f1af6e551be5efa2b1da80d3ae827e4dd65bb3764fb82e9
public/assets/images/frame-v7-clean-mobile.jpeg,573246,595e55145c4ae3e7a67b462632e28a53aa2436cdee444dfb91a1f3149dae71e1
public/assets/images/pc-player-background.png,733363,3eb596c63d09a75762e2056314a22d885c069004d894e47f99b5a16c519aba04
public/assets/logos/666soundsdesign-ai-banner.png,70019,2087180b706cc1b6588739ddf600122366cff9d87cf03974d25670043463f4c4
public/assets/logos/cyberstream-ai-cockpit-header.png,33235,16d3be12d0994373aed21dcb382395394e1b5fa23e93f56952fff822e4cffe60
public/assets/logos/cyberstream-cockpit-header-2026.png,186761,61c699e98a32563ba43c855d8e2637b278063aaf6f90631d1b41eb3c0a011e1a
public/assets/logos/cyberstream-cockpit-header.png,544178,9066db906be583f6fd930ef9ea2d2e0312fa954f3349356772405b8064c312cc
public/assets/logos/cyberstream-left-logo.png,321272,a972454ab747482a84a158da4dd240920d24b169c2f1746586865e16d3b07606
public/assets/logos/cyberstream-right-logo.png,162683,3e9aa32d33c7b0351ff73c18f4a95194443ae08337f9382aeec0f8278a6b6720
public/assets/logos/header-666-center-logo.png,1221641,85f388e7f8b4d2e612295df8f42d27fd4a562bda697018a4ebc16ec2361c531c
public/assets/logos/phase10-new-header-logo.png,339654,569ce339714843c4150900ccec5e51fe36de5fd35652563b39cbd51ba18d4825
public/assets/logos/player-header-logo-1280.png,447421,bc761976751ae3666182f4333fb02850bb1809ca7b9ddf4c1c8e1f9425de0296
public/assets/logos/player-header-logo-480.png,80170,9d6655167a92187354b048075bd8905540e5e18428d726bf7b5515af6fc323aa
public/assets/logos/player-header-logo-720.png,162964,c022815877a8f4dd208e5ce78cbc68d44a6d09356593878c5007838bcd765fa3
public/assets/logos/player-header-logo-960.png,270211,ce3bd5b296a7b01b9323c3d61e44c92a6e780ca2fc9608a8d656cc48daf193e1
public/assets/logos/player-header-logo.png,991185,d2b7edbf6084132029162c2ec7b333d3059c20eee7c0e8f849d860b7bf117b6e
public/assets/logos/radiobot-ai-badge.png,2335242,b41356ce56f26cf2d9ce05bac58d17ae44bd36946609aed9b4fc30f5dcb3a910
public/assets/logos/radiobot-ai-dj-icon.png,2335242,b41356ce56f26cf2d9ce05bac58d17ae44bd36946609aed9b4fc30f5dcb3a910
public/assets/logos/radiobot-ai-dj-logo-v2.png,428730,2d70996f869d225d9047c901b2b09e098e6639122339a2147f3ab79675f41288
public/assets/logos/radiobot-ai-logo-v3.png,418908,a3ce23089741b518b4250ad126d4968c61b64ea9655a87986ca2c4019f92689d
public/assets/logos/radiobot-ai-logo-v4.png,320647,efd9946884f1f2d294bf1284a32196f6f0acc790cacd908f0822c2832b7d5bda
public/chaos-matrix-control.html,23761,a17b38222db1580282de8a850f0e0ab6a9430f10130f160538b1cc41a6fba3e4
public/config/radio-runtime.json,1864,3f8e72363b9dd1842dc5fabb3e5c3ac07dd3484af73a7cf100d2458d49419edb
public/config/release.json,637,cc9a3d0633c954b528182b14a0373ae2506a5d520d1fbb28d17e24531cb56a75
public/config/stream.config.js,708,f792f0612fe7d7a71226a618f0a0d2b3d58d113b8e9fba4862f81ce4720ceea9
public/config/ui.config.js,2328,0a887fec2c8821d426ff6dec7b9a37c1b4f1491afc84077e687c228075c0b984
public/core/audio/boost-core.js,3121,08849789d2cc124e0d9202ab2102978e80de1f03e10aee82cc05d0d6a0af9feb
public/core/overlay/overlay-core.css,1224,cdd094f33cf9db5fce7f514a2433cafa1505b95e8a2e9475fb665c2ace9cdca8
public/core/overlay/overlay-core.js,4577,32169ab46d34e73596f2a0e7a60cc4c779b82d4b799d50d308bc39bf1d4316b5
public/core/version/version-core.js,1644,45b00d3cc3d19d0d6e4ebf6d1ab11b28631f16997b691095f0b26b121a9f99fc
public/css/addons/discord-embed-v83.css,2570,0a2f0fb12d0ff6d96869c1fcd628f7876a912ff85253ba6e1773d58b597e289e
public/css/addons/discord-player-addon-v3.css,9607,d2c28bae3c8d4f6e344b09faa40b7f66f4f2d2bb468115bfde68cc66ba4efefd
public/css/addons/player-broadcast-alert-v148.css,10526,426ba273583757dec091dd0b51340ccd334602ed6efde54679178fb69b5955b8
public/css/base.css,4463,d0ed048d5f14d01a344bfbf3dca06159a0b67b6e1396400d38d6426823cc1dcd
public/css/broadcast-message-history.css,3554,5a0796f2a89af4808ba16c4e3f2dd71ed7c5b6148a1f77dc68b76d6cbe519647
public/css/design-tokens.css,5368,004e84894301e59cd073ef327f6fc9fd43a8058d237ac3933184218c5f231863
public/css/desktop.css,180091,511e1f9a8803ed521ec5df807c9b7a59125383bbfcfdd825f993fe90af172ec0
public/css/effects.css,757,9a2428363b42e79ec303c7157d2a4cff4a1baee5611399648ac660a1a7d36d26
public/css/eq-overlay.css,2506,16e6ca4aeddf4e3a4f6012c6650d162c3dfea5b0444b9940072cac1542b5abdb
public/css/extern.css,4879,f745f7b9a873d24974bce4b9ed6e4372ebf6b2e5e7338c1535f44a4ebd76a169
public/css/layout.css,11509,bdb8f099b1099a508a22efb00a5c498321a4e6a34338e36e80bb78efee51f007
public/css/mobile-patches.css,41050,ff17b11e46b363c8294a3a7b5ec2683e979a5031b87821ee9ed1c007cf10a9fa
public/css/mobile.css,500,7d142e8e1492837ed8b2c987fd685f410ae35f663eafd38cf97012e9df546e68
public/css/phase10-stability-iphone-panel-hud.css,34005,08e3f3518554f1e70b9e05712da9d69e521e4a4565823925e22f82e9f9443f45
public/css/player-admin-overlay.css,4094,c31f6492506b806101bad6a2583cc485b9f933e3817b7477887933d31e04e801
public/css/player-patches.css,49332,8a2de2969104eac7771fd4126a0d98546e47968181d4bb645bcb0be7b0b40c76
public/css/player-stage-v2.css,25089,7e744d58bf8bd04f22048f4a5cef498983dc86fa7d2d7e0150feeabc5e68c183
public/css/primary-player-actions.css,12065,0343f2acdcd2f1329bd0f342f749d2b87ed4bcbddde67692361c466f1e91e81d
public/css/shared-status.css,1209,10a36663281ad77a8b29fff26b5a74921c6efbbe78eb824998c4d7d7fc0cf817
public/css/sound-control-overlay-v1.css,4741,1cad43e2a69e61c61d41d823108477359994eabeb22e1b640ae612fe0b06ab0a
public/dashboard/index.html,17694,ed49b499d222c6c9ba063d2033bcddcfc24981fe5c8659d9297227f950b3e752
public/index.html,128666,a9ee1316ef2ce918729d06b8c938b96902ad89ec145d1530b097730d9c28c8a0
public/js/addons/discord-embed-v83.js,3685,33e9a706168285bd6630b2ecb49b41f62d2cb95ddae8f56a9cefafa069f0a267
public/js/addons/discord-player-addon-v3.js,8895,a11bdaf6ec5a56ac86935cc6098125843a480a8631afc47c3dc2f8ad981a2ebc
public/js/addons/player-broadcast-alert-v148.js,12548,ff06b2231fe3dfca3720bae89445cba0e6e1c00d0ec78f56d4b9f6950f5fefa4
public/js/admin-auth-client.js,8442,6241bbf7978832e37a43bbf041cb7532fa2537a57c1be193dd2b8701fd2058ae
public/js/boost-core.js,3121,08849789d2cc124e0d9202ab2102978e80de1f03e10aee82cc05d0d6a0af9feb
public/js/broadcast-message-history.js,6710,caff63559e4c437a162a9af9eabcf1e041d16a8e6de23f424fd5dfe059214026
public/js/controls.js,555,62dbc7ff65acf44204c3e462b4f9e40080c06d72621383f4a7c925a5f7a8e018
public/js/equalizer.js,22194,46542d2c01198d56e2b1fe182ce5ad270cae35b5855daa4405c1847f7f85c0e6
public/js/extern.js,5498,5243e66c15a62fd80c18709d9762cf5fa17fd7881a17c92ec7183ad728c58da9
public/js/media-session-ios.js,10850,6d2c61ff7cafe14b79fc1f70a730018d53497b3dd2da65ae1651f472efc6bdc7
public/js/messenger-overlay.js,12985,cc3d95428e0eea59679266332b7e84d4e6cc86d89c31eba6abd0b95b40ff808d
public/js/overlay-core.js,4577,32169ab46d34e73596f2a0e7a60cc4c779b82d4b799d50d308bc39bf1d4316b5
public/js/phase10-stability-iphone-panel-hud.js,52040,76f12445f78d218646622d7c5e85ce42cec7466ffb5e3181f588b1ace53a296a
public/js/player-admin-overlay.js,20490,2a646a0f2f33cdc3ea360aa731fc75b1e6244f517ec3878081a0239de66fa631
public/js/player-alert-client.js,8466,4bcd9a996817a42d0dc86170c742f5c89a400337dd0508fad4a901d72e402608
public/js/player-core.js,64142,1baa831e70494f31bdbcc31db72158312d3ddfb7882d9acb4ad93dedae89f28c
public/js/player-stage-v2.js,17683,b4012232756ca59054cb8d5cecfb8c7f47bec3153f4582a636b7c2b76891fc6c
public/js/responsive-ui.js,2258,56df3071ff6187712f2aba59d664b6477eb82fdd42caec665ca3c4993e9b7f0c
public/js/shared-status.js,2239,70bcce1d719836614ff813d381a79eadf01f887b97d788b9287c899f4033f26b
public/js/skip-control.js,2277,336993d9c3c6e6ca21c47f9518cb6a4175ecb1062c2b9b6c795ada4300dbbea5
public/js/sound-control-overlay-v1.js,13605,5277f851f76bd6b5ddefb0a7705036b5a1d5a57d47530c8939a5a5537d0a9a86
public/js/system-extra/govee/govee-bridge-client.js,1075,f93ce5e1a03a7a184a5d710e2bb8964a58a51504ea402889379a823823170696
public/js/system-extra/govee/govee-fx-control-hooks.js,730,9bb35e9b8b79ec39a400addad79a6eac29a0a4d0a9db517ea533150fd2fb2a81
public/js/system-extra/govee/govee-scene-sync.js,2769,cd5b57ffb04838f2d8799a4695cc6708ce7b12161667e6a669fcaec9d54a062d
public/js/system-extra/govee/govee-sync-config.js,869,a16e635899e92232a2b20ce85df766a7425d7a62ea28a9e1310d002a99e792cf
public/js/version-core.js,1544,6aaade127e37f7e278f0bc128ca3b4f6b01e77a3027b65b002c0e8685845c13f
public/js/version-state-guard-v1.js,988,e7ee007476cd5c7e86d85c1c676336e34ec7310f50700d8990858212ece9820e
public/site.webmanifest,2394,ab4f312e8291cb02c3bca3e120a62d6700fd2960804b53c145a313e179ae9d2b
renderer-resources/666SOUNDsDESIGn-Alert-Service-Renderer/.env.example,424,bb2a6fe2f94b6ac572ece6a9f05347462ef5df2133e18119651d8a521f3354aa
renderer-resources/666SOUNDsDESIGn-Alert-Service-Renderer/DEPLOY_STEPS.md,535,80606c0ffae7b9d4641e844d8c71814fee990472088a51b6190d2755931c7077
renderer-resources/666SOUNDsDESIGn-Alert-Service-Renderer/MIRROR_SOURCE.md,301,35d196794abf8a5ef699c3e93f9b0ef7869bb8b56f1eb4da34206ce62be0c374
renderer-resources/666SOUNDsDESIGn-Alert-Service-Renderer/README.md,636,31cf241fdd9f01b8d580e01edc9811f8a336f662078896b3f0c4ce3d8f13dc55
renderer-resources/666SOUNDsDESIGn-Alert-Service-Renderer/__init__.py,1,01ba4719c80b6fe911b091a7c05124b64eeece964e09c058ef8f9805daca546b
renderer-resources/666SOUNDsDESIGn-Alert-Service-Renderer/docs/AUDIT_RENDERER_DEPLOY_AWARENESS_2026-05-24.json,7481,4fc6774e15df591b8500e8b84617cbb9818e04d414b1e4ec446a4e22e116ebda
renderer-resources/666SOUNDsDESIGn-Alert-Service-Renderer/docs/AUDIT_STRUCTURE_AWARENESS_2026-05-21.json,1643,40b43110a6c99b14fbce8dc9ed0984dbf4687224665de871e68b98f5acae8cac
renderer-resources/666SOUNDsDESIGn-Alert-Service-Renderer/docs/AUDIT_v185_PLAYER_ALERT_RENDER.json,42,17e068858fdf2d900758b5f9b751f260f1242c8f01512fd0848bce370176632f
renderer-resources/666SOUNDsDESIGn-Alert-Service-Renderer/docs/OVERVIEW.txt,354,e7607920cb6bd87b6a501fd55e58e817005e31549e9c8eb70184cce6b2c13fc5
renderer-resources/666SOUNDsDESIGn-Alert-Service-Renderer/docs/PLAYER_ALERT_RENDER_BACKEND_v185.md,433,38bad42a85d373fce6ac71b1a92ab6e56c4819548412ef6027fa5b249b772912
renderer-resources/666SOUNDsDESIGn-Alert-Service-Renderer/docs/PLAYER_FULLVERSION_DEPLOY_AWARENESS_2026-05-24.md,786,3a4319876df5397870158a4ff48f84aca1061a1e7ac8e99064f0b704c535f945
renderer-resources/666SOUNDsDESIGn-Alert-Service-Renderer/docs/PLAYER_REPO_STRUCTURE_AWARENESS.md,712,038ed77d945ed90afaf12286dbefa17bdfd3a297def79dcbfead27d5111aacbd
renderer-resources/666SOUNDsDESIGn-Alert-Service-Renderer/docs/PLAYER_STRUCTURE_MANIFEST.json,505,2bf1624098bafa2fa231b9d535f850d98745294ee8ae47acc3c794625ea2cf3d
renderer-resources/666SOUNDsDESIGn-Alert-Service-Renderer/render.yaml,857,c81a375a1de3107e0d8bd49f2a81072d6212a32e6cd13c7af2e727e6255bec09
renderer-resources/666SOUNDsDESIGn-Alert-Service-Renderer/renderer-player-structure-awareness.json,1361,9872fbfbbed1573d64e34c022a55c06835c6352c4893dd802929426e4c93b6f4
renderer-resources/666SOUNDsDESIGn-Alert-Service-Renderer/renderer_awareness/__init__.py,0,e3b0c44298fc1c149afbf4c8996fb92427ae41e4649b934ca495991b7852b855
renderer-resources/666SOUNDsDESIGn-Alert-Service-Renderer/renderer_awareness/player_structure.py,538,a4dee18ca2300500f77cde83f79f637cff53386e3126c2be96dd7ea01a0f0086
renderer-resources/666SOUNDsDESIGn-Alert-Service-Renderer/requirements.txt,108,a65cccf2f19f6dd0459f4117afb06ad3cbabe6f8f5c1b61fd7da4cd26c8b78a3
renderer-resources/666SOUNDsDESIGn-Alert-Service-Renderer/runtime.txt,14,4cb403e5b3e213ec0f3565abdb2f27256eb0b62b54f43d5f427e5a7845575544
renderer-resources/666SOUNDsDESIGn-Alert-Service-Renderer/src/__init__.py,1,01ba4719c80b6fe911b091a7c05124b64eeece964e09c058ef8f9805daca546b
renderer-resources/666SOUNDsDESIGn-Alert-Service-Renderer/src/app/__init__.py,0,e3b0c44298fc1c149afbf4c8996fb92427ae41e4649b934ca495991b7852b855
renderer-resources/666SOUNDsDESIGn-Alert-Service-Renderer/src/app/db.py,354,0d6dcc52ff06a18e2b494d835edb7daa6b442f608fea5b0a15a6ab06dda7e9c6
renderer-resources/666SOUNDsDESIGn-Alert-Service-Renderer/src/app/models.py,285,013a72a081b059cd255af82471e115156b611be926fd6f178cb75655509dcfc8
renderer-resources/666SOUNDsDESIGn-Alert-Service-Renderer/src/index.html,1630,d73ed88365be3fe7c1ce0b0794bed6eeef1893018d52576c3519b5b331978d11
renderer-resources/666SOUNDsDESIGn-Alert-Service-Renderer/src/server.py,15685,cd30eee7a6b9a37e9c6c93b513fe83ddc1a25c4b028a7593f5fed7e344f07fd2
scripts/check-release.mjs,11410,1b0b698499e3a937767ba2434b90228bbd2efc8c5701c7f8ece88b0d6f896d4d
scripts/verify-deployment.mjs,1069,c8932e5c8e39956532aea88bbe93890cf30cef1254e6b2b3039782bdbc1cd97d
site.webmanifest,2394,ab4f312e8291cb02c3bca3e120a62d6700fd2960804b53c145a313e179ae9d2b
tests/admin-hardlock.test.mjs,5710,2a386d4f7f13b9e28793d3fbb98c44a8d655d20609442448852c12b7bb07fbdb
tests/external-workers.test.mjs,2517,372156566a00b557fafc279487870f71f1d7728fe3a9c472f38c091b83047730
tests/frontend-contracts.test.mjs,3891,28d8ae6a54aa8d48a91b8574c6d674cb38c56221f45ad2bc7a5a040e3a85146b
tests/hardlock-source.test.mjs,2380,3db45951d991841837a84300223dd85121a96b4904b545705e58b2a9b8854c44
tests/player-alert-contract.test.mjs,3256,b95b4dacad2b6af1042331dd27444c8ba83deaaa18d97e768f699a9e8a62a49b
tests/worker-smoke.test.mjs,7441,2cb9421da9284449b32225903dc64228d03af09adef5f212669700959756dafe
worker-addons/chaos-engine-api-addon.js,7258,f04d6c3333f0d2cd445e9aa437c5911852ece91369e5b772e60b6557ce143b2c
worker-addons/discord-notify-addon-v3.js,19279,a8e5c67b62689333a3c0869972b832e3c5cc2e29c4dbb79433c0c7aaf7fb521e
worker-addons/radio-admin-config-addon.js,27570,5529276549a05eff979b7c8fc0de2be573f0c1e28249e9f9faaeb913d71f551c
worker-addons/skip-api-addon.js,1975,6b6f09dbbc1f0c8232916bbfd304e514b505b130f2883120ec79e8c513eb50d6
worker.js,64134,4215ae80c57118499e9e684ccfa119689b3e47407a26e71d095bb0d657c93caa
workers/webradio-666soundsdesign-worker/README.md,387,4c325295e50ea5468b395b9aa5982a2fc5d5e055c820dbbd912deb6375089e1f
workers/webradio-666soundsdesign-worker/package.json,183,769930ccc1cc94b6e19b5436baaaab02243a7417dce0e309de308347301425ac
workers/webradio-666soundsdesign-worker/worker-addons/chaos-engine-api-addon.js,7258,f04d6c3333f0d2cd445e9aa437c5911852ece91369e5b772e60b6557ce143b2c
workers/webradio-666soundsdesign-worker/worker-addons/discord-notify-addon-v3.js,19279,a8e5c67b62689333a3c0869972b832e3c5cc2e29c4dbb79433c0c7aaf7fb521e
workers/webradio-666soundsdesign-worker/worker-addons/radio-admin-config-addon.js,27570,5529276549a05eff979b7c8fc0de2be573f0c1e28249e9f9faaeb913d71f551c
workers/webradio-666soundsdesign-worker/worker-addons/skip-api-addon.js,1975,6b6f09dbbc1f0c8232916bbfd304e514b505b130f2883120ec79e8c513eb50d6
workers/webradio-666soundsdesign-worker/worker.js,64134,4215ae80c57118499e9e684ccfa119689b3e47407a26e71d095bb0d657c93caa
workers/webradio-666soundsdesign-worker/wrangler.jsonc,941,138f11a58d0626f7b4e7a8b90e6cf052d06be6eaae757a935bbb0dd4c26a0c1a
wrangler.jsonc,941,138f11a58d0626f7b4e7a8b90e6cf052d06be6eaae757a935bbb0dd4c26a0c1a
wrangler.secrets.required.example.jsonc,563,1373ec62979239916806fb3a057dbf5836ff5fc0f0f99a2ecad6d839c13f6e91
